date,i,USD,EUR,u,m3,core_i_yoy,pmi,log_total,log_in_year,log_out_year,log_intra_year,log_1to3year,log_long_term,total_resc,in_year_resc,out_year_resc,short_term_resc,medium_term_resc,long_term_resc,r3m,r6m,r1y,r3y,r5y,r10y,r15y,mt_cohesion,skew,id_pr,date_text,nethawkish,lm_baseline,net_hawk_agh,monthly_mlf,fed_i,effective_fed_i,ecb_bs,fed_bs,Simor,Matolcsy,log_nethawkish,log_baseline_PR,log_agh_PR
2005_1,9,187.8801727294922,246.47999572753906,6.599999904632568,111.13387298583984,3.7722160816192627,56.79999923706055,-0.44504591731426885,-0.30799612814344496,-0.549176207679741,-0.30799612814344496,-0.39657957344443023,-0.6549548566733352,0.6407948517781916,0.7349181635012688,0.5774252930260391,0.7349181635012688,0.6726167521399476,0.5194655124590616,8.62,8.47,8.38,8.25,7.98,7.23,6.95,.,.,pr_1,2005-01-24,1.7445087806929913,0.9908015768725361,1,3,2.28,2.28,886408.25,807094.750000000000,0,0,0.5564730149900017,-0.009240989853729785,0
2005_2,8.25,187.252197265625,243.69000244140625,6.900000095367432,117.90470886230469,3.063063144683838,55.5,-0.5939283704005035,-0.46000692655725317,-0.6961818501540634,-0.46000692655725317,-0.5641413506818479,-0.7866770628404767,0.5521539534570153,0.6312792728997559,0.4984849651806816,0.6312792728997559,0.5688483783899009,0.455355401451945,7.42,7.25,7.14,7,6.9,6.62,6.56,.,.,pr_2,2005-02-21,1,1,1,3,2.5,2.5,902691,800556.750000000000,0,0,0,0,0
2005_3,7.75,185.4480743408203,244.80999755859375,7.099999904632568,125.38421630859375,2.7977044582366943,55.20000076293945,-0.5744717402024905,-0.46546427270433416,-0.6660310769036011,-0.46546427270433416,-0.5421334370573262,-0.7511087953808124,0.5630022016946004,0.6278435468921839,0.5137435454232789,0.6278435468921839,0.5815063209196364,0.4718430851521379,7.32,7.27,7.22,7.22,7.16,6.78,6.67,.,.,pr_3,2005-03-29,1.0527518233400586,0.9906542056074766,0.9166666666666666,3,2.63,2.63,912849.25,802471.600000000000,0,0,0.05140752003660832,-0.009389740349839032,-0.08701137698962981
2005_4,7.5,191.83026123046875,248.19000244140625,7.199999809265137,125.1525650024414,2.565930128097534,52.20000076293945,-0.5350102114996577,-0.4432100350895419,-0.6194185229506436,-0.4432100350895419,-0.502640832909304,-0.6997787968285554,0.5856633096135732,0.6419723562052634,0.5382573309002866,0.6419723562052634,0.6049310266973703,0.4966951621855656,7.46,7.46,7.46,7.54,7.44,7.06,6.88,.,.,pr_4,2005-04-25,1.1203456502218112,0.9979253112033195,1,3,2.79,2.79,929123.4,803656.000000000000,0,0,0.11363725396427225,-0.002076843944839117,0
2005_5,7.25,198.47959899902344,251.9499969482422,7.199999809265137,114.95008087158203,2.1269054412841797,50.79999923706055,-0.5570321779621495,-0.4716337878734229,-0.6387064223343178,-0.4716337878734229,-0.5270263178616021,-0.7154621856710351,0.5729068287826635,0.6239819808494879,0.5279749591069551,0.6239819808494879,0.5903578987985361,0.488966066453359,7.23,7.27,7.28,7.37,7.24,7,6.87,.,.,pr_5,2005-05-23,1,1.0091743119266054,1,3,3,3,926910,805624.000000000000,0,0,0,0.009132483563272472,0
2005_6,7,204.7184600830078,249.0399932861328,7.099999904632568,107.9695053100586,1.8046709299087524,52.400001525878906,-0.6970981059525381,-0.5810404506435956,-0.7913968660024273,-0.5810404506435956,-0.6632085380346303,-0.8789240381555432,0.4980284346222071,0.5593161228999842,0.453211277490192,0.5593161228999842,0.5151956549025963,0.41522944245023935,6.49,6.5,6.45,6.4,6.36,6.25,6.21,.,.,pr_6,2005-06-20,0.40149245468938566,0.985655737704918,1,3,3.04,3.04,946705.5,812643.200000000000,0,0,-0.9125665385754302,-0.014448135747386041,0
2005_7,6.75,204.76031494140625,246.47000122070312,7.099999904632568,108.28588104248047,1.5912305116653442,52.79999923706055,-0.7403931843000324,-0.6137252433461983,-0.8392884898014105,-0.6137252433461983,-0.6953278057166515,-0.9377888542646715,0.47692635869474054,0.5413305203465949,0.43201779917128696,0.5413305203465949,0.49891087533954065,0.3914925260570486,6.29,6.28,6.27,6.19,6.13,6.02,5.95,.,.,pr_7,2005-07-18,0.8400383141762453,1,1,3,3.26,3.26,988616.4,815370.000000000000,0,0,-0.17430777607040088,0,0
2005_8,6.25,198.90171813964844,244.49000549316406,7.199999809265137,111.76695251464844,1.663128137588501,52.400001525878906,-0.8503322390745818,-0.7013118931422804,-0.9589456422311082,-0.7013118931422804,-0.7945860640198346,-1.0717773504472081,0.4272729515942904,0.4959342640774498,0.3832968049642366,0.4959342640774498,0.45176819933667367,0.3423994125336418,5.76,5.75,5.73,5.6,5.56,5.52,5.5,.,.,pr_8,2005-08-22,1,1,1,3,3.5,3.5,989749.5,815141.800000000000,0,0,0,0,0
2005_9,6,200.57931518554687,245.8300018310547,7.300000190734863,114.1453857421875,1.447740077972412,56.79999923706055,-0.7477895471784427,-0.6615252793756731,-0.8293681915199469,-0.6615252793756731,-0.7217713894009365,-0.9028341390601733,0.473411851586602,0.5160635927267656,0.43632487300819,0.5160635927267656,0.4858907913927441,0.4054190160994878,6,5.98,5.97,6.17,6.18,6.18,6.14,.,.,pr_9,2005-09-19,1.1100572137414242,1.0028985507246377,1,3,3.62,3.62,978091,820696.750000000000,0,0,0.10441155790709399,0.0028943580263645565,0
2005_10,6,209.6129913330078,251.85000610351562,7.300000190734863,113.35111236572266,1.3717904090881348,57.20000076293945,-0.6609697085486896,-0.6192949038786261,-0.7249463337582346,-0.6192949038786261,-0.6385112657448098,-0.7848396215240789,0.5163503822623259,0.5383238738849454,0.48435056153222866,0.5383238738849454,0.5280780069542262,0.4561928594345485,6.2,6.3,6.43,6.72,6.75,6.73,6.59,0.8333333333333334,0.04166666666666696,pr_10,2005-10-24,1.0526315789473684,0.9809725158562368,1,3,3.78,3.78,994100.75,819207.250000000000,0,0,0.05129329438755048,-0.019210836265677697,0
2005_11,6,212.99847412109375,251.0399932861328,7.199999809265137,114.5062484741211,1.3693820238113403,56.70000076293945,-0.6660549236566967,-0.6353279366144832,-0.725860090252985,-0.6353279366144832,-0.6376588174633961,-0.7868998970760953,0.5137312944538702,0.5297617315597938,0.4839081852037944,0.5297617315597938,0.5285283580669514,0.4552539439836461,6.12,6.18,6.42,6.74,6.74,6.71,6.59,1,0,pr_11,2005-11-28,1,1.0059880239520957,1,3,4,4,1003326,826201.600000000000,0,0,0,0.005970166986503754,0
2005_12,6,213.12416076660156,252.67999267578125,7.300000190734863,117.69562530517578,1.264488935470581,55.099998474121094,-0.6416952962227263,-0.6483713469995682,-0.6876127346519691,-0.6483713469995682,-0.6192918254153754,-0.7361106329975595,0.5263992644872207,0.5228967009237055,0.5027748946231481,0.5228967009237055,0.5383255310977589,0.47897320001653987,5.96,6.18,6.44,6.95,6.96,6.97,6.83,1,0,pr_12,2005-12-19,1.1359649122807018,1,1,3.25,4.16,4.16,1026034.8,840054.250000000000,0,0,0.12748243274509705,0,0
2006_1,6,207.14698791503906,250.7100067138672,7.5,121.94005584716797,0.5242922306060791,55,-0.6462566985141186,-0.6459005303460583,-0.6945945589411022,-0.6459005303460583,-0.6379589973191021,-0.7357768385095763,0.5240036135934755,0.5241902802409717,0.49927683428288094,0.5241902802409717,0.5283697283106102,0.4791331053168663,6.03,6.14,6.3,6.85,6.92,6.95,6.88,1,0,pr_13,2006-01-23,1.2717750386868034,1,1,3.25,4.29,4.29,1044559.5,836539.000000000000,0,0,0.24041359289869776,0,0
2006_2,6,210.73043823242187,251.57000732421875,7.800000190734863,123.34574890136719,0.5944055914878845,55.79999923706055,-0.6691335280263465,-0.6640412575270137,-0.7192883712677463,-0.6640412575270137,-0.6466933526938646,-0.7704520832418212,0.5121521510720307,0.5147668200127339,0.4870987661294752,0.5147668200127339,0.5237748551731928,0.46280379517030457,5.91,6.04,6.25,6.79,6.81,6.8,6.66,1,0,pr_14,2006-02-27,1.1701023749086876,1.0023364485981308,1,3.25,4.49,4.49,1041953.5,833804.000000000000,0,0,0.1570912449037251,0.0023337233462200966,0
2006_3,6,217.0133056640625,260.8500061035156,7.719329357147217,122.67119598388672,0.697836697101593,54.29999923706055,-0.5993792197526551,-0.5941818073211798,-0.6497765635958701,-0.5941818073211798,-0.5680735512647579,-0.7068631141221954,0.549152433286365,0.5520140349903135,0.5221624338243988,0.5520140349903135,0.5666159445301987,0.49318885063462603,6.27,6.55,6.8,7.27,7.16,7.11,6.94,1,0,pr_15,2006-03-20,1.0526634382566586,0.9819494584837545,1,3.5,4.59,4.59,1055124.6,838655.600000000000,0,0,0.05132356027335971,-0.018215439891341216,0
2006_4,6,216.33934020996094,265.4700012207031,7.577033042907715,116.91520690917969,0.6949270367622375,55.20000076293945,-0.645328001120309,-0.6232880449256849,-0.7019045548550442,-0.6232880449256849,-0.6143234604707469,-0.7625675611082583,0.5244904804247525,0.5361785568548901,0.4956404299078152,0.5361785568548901,0.54100678400125,0.46646720507688766,6.15,6.3,6.58,6.88,6.84,6.84,6.7,1,0,pr_16,2006-04-24,1.0889952153110047,0.9916434540389972,1,3.5,4.79,4.79,1076841.5,838093.750000000000,0,0,0.08525545028736481,-0.008391657636248401,0
2006_5,6,205.45809936523437,262.3699951171875,7.322047710418701,116.53365325927734,0.9718847870826721,53.70000076293945,-0.6511473481238609,-0.6313075061715514,-0.7068492818583784,-0.6313075061715514,-0.6224346776748173,-0.7655479198565055,0.5214471519996478,0.5318958889939316,0.49319567260010116,0.5318958889939316,0.5366363093636483,0.46507903511125614,6.1,6.25,6.43,6.92,6.84,6.81,6.69,1,0,pr_17,2006-05-22,1,1,1,3.5,4.94,4.94,1078865.25,842451.200000000000,0,0,0,0,0
2006_6,6.25,215.32806396484375,272.3900146484375,7.22829532623291,124.74576568603516,1.2513034343719482,52,-0.4552605398083199,-0.5051782054798488,-0.48672156437444464,-0.5051782054798488,-0.3925725685573038,-0.5524659304802735,0.6342826905278787,0.6033980370086325,0.6146381462782504,0.6033980370086325,0.6753173377694408,0.5755288449784816,6.82,7.2,8.13,8.55,8.39,7.94,7.51,0.6153846153846154,-0.09615384615384581,pr_18,2006-06-19,1.3860833828480887,0.9855855855855856,1,3.75,4.99,4.99,1095512.4,846038.000000000000,0,0,0.32648205974318084,-0.014519311324453268,0
2006_7,6.75,218.7716827392578,277.489990234375,7.365067481994629,114.25144958496094,1.8099547624588013,53,-0.5237403678028326,-0.506574871882887,-0.5789531427849364,-0.506574871882887,-0.4677014060268919,-0.6557389365135833,0.592300976049833,0.6025558794861403,0.5604848071163472,0.6025558794861403,0.6264405471060055,0.5190583696601273,6.9,7.1,7.6,7.91,7.71,7.24,7.12,1,0,pr_19,2006-07-24,1.2237121212121211,0.9900332225913622,1,3.75,5.24,5.24,1118168.5,846874.000000000000,0,0,0.20188896133929576,-0.010016778243471232,0
2006_8,7.25,214.19873046875,274.4100036621094,7.448566436767578,103.27197265625,2.297250270843506,53.70000076293945,-0.4562207509610869,-0.4052713326613463,-0.5242990580677145,-0.4052713326613463,-0.4190345335123306,-0.597115440089625,0.6336739375269099,0.6667958628149951,0.5919701556822984,0.6667958628149951,0.6576814828240523,0.5503970015794346,7.65,7.85,7.98,8.28,7.99,7.6,7.43,1,0,pr_20,2006-08-28,1.3645321497724243,0.9914346895074947,1,4,5.25,5.25,1111066.5,844411.400000000000,0,0,0.310811622466132,-0.008602203582663191,0
2006_9,7.75,215.62033081054687,274.4200134277344,7.542457580566406,102.36492156982422,3.96797776222229,52.20000076293945,-0.43015907036273104,-0.3643656359949259,-0.5042447300862435,-0.3643656359949259,-0.37944977174953554,-0.5902980986639649,0.6504056262352622,0.6946371639537858,0.603961557203928,0.6946371639537858,0.6842377926180024,0.5541620651386223,8,8.15,8.35,8.55,8.06,7.6,7.48,1,-0.038461538461538325,pr_21,2006-09-25,1.1026214730374324,0.982078853046595,1,4,5.25,5.25,1109129.6,844410.750000000000,0,0,0.09769050189532388,-0.01808367543329535,0
2006_10,8,211.79922485351562,267.1000061035156,7.4694743156433105,102.64723205566406,4.441359996795654,51.400001525878906,-0.46774509383094137,-0.35209903311556506,-0.5624619352738834,-0.35209903311556506,-0.4149296765103351,-0.6641832412721199,0.626413179891946,0.7032104774033631,0.5698045137708834,0.7032104774033631,0.6603867197707478,0.5146937366802175,8.15,8.2,8.3,8.04,7.6,7.22,7.1,0.75,-0.020833333333333037,pr_22,2006-10-24,1.3151274651274651,0.9974747474747475,1,4.25,5.25,5.25,1116196.5,849620.750000000000,0,0,0.2739335925880255,-0.0025284463533586377,0
2006_11,8,200.94712829589844,258.8399963378906,7.48967170715332,107.5342025756836,4.572220325469971,50.29999923706055,-0.5090037559108332,-0.36620887536520264,-0.6155627226763476,-0.36620887536520264,-0.45285093001884225,-0.7282344036848035,0.6010941170788293,0.6933579606862192,0.5403367500005221,0.6933579606862192,0.6358129071803861,0.4827605984043878,8.02,8.1,8,7.75,7.29,6.9,6.76,0.5833333333333333,0.10416666666666607,pr_23,2006-11-20,1,1,1,4.25,5.25,5.25,1118138,858302.800000000000,0,0,0,0,0
2006_12,8,192.21221923828125,253.97000122070312,7.486175060272217,110.03636169433594,4.8907389640808105,51.400001525878906,-0.530636202589499,-0.379261303496792,-0.6411354221274254,-0.379261303496792,-0.4649678214074062,-0.763813059602256,0.5882306167672263,0.6843667618721615,0.5266940643168859,0.6843667618721615,0.628155318018493,0.4658865825327756,7.93,7.98,7.98,7.59,7.21,6.71,6.54,1,0,pr_24,2006-12-18,1.0818813131313132,0.9932432432432432,0.9523809523809523,4.5,5.24,5.24,1140790.2,862756.750000000000,0,0,0.07870148229243237,-0.006779686985378804,-0.048790164169432056
2007_1,8,195.3073272705078,253.8800048828125,7.504922389984131,107.8568344116211,5.563282489776611,49.5,-0.4915278776608576,-0.3612819627704792,-0.5927077027036202,-0.3612819627704792,-0.426318073457498,-0.7083489588771331,0.6116910906988893,0.6967825040408574,0.5528283614820114,0.6967825040408574,0.652908636182213,0.49245659271323194,8.05,8.15,8.2,7.96,7.55,7.05,6.7,0.6923076923076923,0.07692307692307665,pr_25,2007-01-22,1.7775807944848192,1.0046656298600312,1,4.5,5.25,5.25,1145522.5,861258.600000000000,0,0,0.5752533356621554,0.0046547795449825196,0
2007_2,8,193.74330139160156,253.3000030517578,7.431945323944092,106.20487213134766,5.769899368286133,51.900001525878906,-0.5027076967792843,-0.36435411812773477,-0.6074579435758843,-0.36435411812773477,-0.4380810396937233,-0.7252590522686424,0.6048905800200799,0.6946451647384622,0.5447338547107965,0.6946451647384622,0.6452734879725094,0.4841991198266576,8.05,8.1,8.17,7.81,7.46,7,6.59,0.6666666666666667,0.08333333333333393,pr_26,2007-02-26,0.6452946127946128,0.9797979797979798,1,4.5,5.26,5.26,1137338.25,867225.000000000000,0,0,-0.4380483024486408,-0.020408871631207123,0
2007_3,8,188.68751525878906,249.86000061035156,7.546578407287598,105.2708969116211,6.029106140136719,50.70000076293945,-0.564504789250216,-0.4129578291401013,-0.6748647261194267,-0.4129578291401013,-0.5170399771624237,-0.7839726260414351,0.5686416745139959,0.66169018628363,0.509225300831126,0.66169018628363,0.5962829494571119,0.4565885480882443,7.8,7.58,7.5,7.3,7.07,6.68,6.42,1,0,pr_27,2007-03-26,1.0535930735930736,0.9896103896103896,0.8376623376623377,4.75,5.26,5.26,1144662.4,868370.750000000000,1,0,0.052206297386860494,-0.010443959161083262,-0.17714019805195705
2007_4,8,182.0065155029297,246,7.483201503753662,105.4990005493164,5.9351277351379395,52.599998474121094,-0.5900426185702025,-0.42927707577520663,-0.7044632371544667,-0.42927707577520663,-0.549283482752584,-0.8113445848309793,0.5543036606016244,0.6509795335316575,0.494373864573085,0.6509795335316575,0.5773633530080376,0.4442603187662965,7.65,7.48,7.35,7,6.8,6.55,6.4,0.9230769230769231,-0.019230769230769162,pr_28,2007-04-23,0.9153961980048937,0.9906832298136646,1,4.75,5.25,5.25,1168385.75,867195.250000000000,1,0,-0.08839830414144817,-0.009360442759563695,0
2007_5,8,183.86500549316406,248.4199981689453,7.30084753036499,111.71504211425781,5.775180339813232,52.5,-0.5951994754674507,-0.43127357979207764,-0.7110901519046791,-0.43127357979207764,-0.5542897470306134,-0.8192249343500723,0.5514525536399101,0.6496811468264807,0.4911085226391933,0.6496811468264807,0.5744801425569204,0.4407731502762728,7.55,7.55,7.3,6.98,6.81,6.54,6.31,0.5384615384615384,-0.13461538461538503,pr_29,2007-05-21,1.0624866075953032,0.9863636363636363,0.9411764705882353,4.75,5.25,5.25,1171411.25,875321.400000000000,1,0,0.060612017120810796,-0.01373019281190202,-0.060624621816434854
2007_6,7.75,186.5191192626953,250.2899932861328,7.037466049194336,117.49250793457031,5.870236873626709,52.599998474121094,-0.6001162112092951,-0.45126010841748515,-0.709020276289974,-0.45126010841748515,-0.5703362916194604,-0.8040450844642376,0.5487478617358401,0.636825177044453,0.49212610896963266,0.636825177044453,0.5653352892085429,0.4475150616728002,7.35,7.45,7.18,6.88,6.75,6.63,6.45,0.8333333333333334,0.020833333333333037,pr_30,2007-06-25,1.2943776106934002,0.9970326409495549,1,5,5.25,5.25,1186034,867222.250000000000,1,0,0.25802997011857,-0.0029717703891574817,0
2007_7,7.75,180.0087432861328,246.89999389648437,7.041205883026123,117.37353515625,5.5726494789123535,52.400001525878906,-0.6007397523737525,-0.4607020423837702,-0.7057148182101141,-0.4607020423837702,-0.5685461828440548,-0.7998071460984576,0.5484058015105383,0.6308406131635366,0.49375550265552864,0.6308406131635366,0.5663482072170191,0.4494156273174271,7.35,7.31,7.11,6.97,6.79,6.7,6.41,0.9,-0.025000000000000355,pr_31,2007-07-23,0.9357575757575758,0.9957805907172996,0.9090909090909091,5,5.26,5.26,1196531,870706.000000000000,1,0,-0.06639883630990479,-0.004228336109521064,-0.0953101798043249
2007_8,7.75,187.34400939941406,255.1999969482422,7.209677696228027,117.24192810058594,5.375977993011475,50.900001525878906,-0.5793364386824358,-0.4458795606927159,-0.6814878072850086,-0.4458795606927159,-0.5438381847397352,-0.7760371275084406,0.5602700167559304,0.6402608799950086,0.505863804351882,0.6402608799950086,0.5805158438633496,0.4602262201230166,7.45,7.43,7.28,7.14,6.99,6.75,6.51,0.5,-0.125,pr_32,2007-08-27,1.1625,0.978448275862069,0.95,5,5.02,5.02,1206068.4,867258.600000000000,1,0,0.1505728584793744,-0.021787354184907296,-0.05129329438755058
2007_9,7.5,182.30426025390625,253.3300018310547,7.25245475769043,119.00969696044922,4.318714618682861,51,-0.6019466177856577,-0.4613798663903623,-0.7071960038958686,-0.4613798663903623,-0.5628743542658177,-0.8062429769433946,0.5477443487395277,0.6304131591372674,0.4930247004332377,0.6304131591372674,0.5695695640199143,0.4465325518054842,7.35,7.3,7.2,6.96,6.74,6.62,6.44,0.8181818181818182,0.022727272727272485,pr_33,2007-09-24,0.859554800980947,0.9920948616600791,1,5,4.94,4.94,1236667.25,878775.500000000000,1,0,-0.1513406970516245,-0.007936549595736303,0
2007_10,7.5,176.4391632080078,251.02000427246094,7.378523826599121,115.07479095458984,4.318936824798584,51.099998474121094,-0.6118783580353865,-0.4757475398297969,-0.7151257909326001,-0.4757475398297969,-0.5744496375872304,-0.8116246054255213,0.5423312195367871,0.6214203463320644,0.48913057973453694,0.6214203463320644,0.5630146456531765,0.44413593414364494,7.25,7.19,7.07,6.93,6.74,6.56,6.43,0.5,-0.125,pr_34,2007-10-29,1.3750350002006948,0.9888579387186629,1,5,4.76,4.76,1257575.25,877940.600000000000,1,0,0.31847918548598386,-0.011204599012863132,0
2007_11,7.5,173.31790161132812,254.5,7.506695747375488,105.78302764892578,4.471679210662842,50.5,-0.5683219479368262,-0.457995222137163,-0.6604828409745855,-0.457995222137163,-0.5306189473688374,-0.7497223691968905,0.566475216494148,0.6325504984396625,0.5166018377281149,0.6325504984396625,0.5882407669038897,0.47249771445283745,7.35,7.35,7.27,7.33,7.15,6.83,6.65,0.75,-0.0625,pr_35,2007-11-26,1.0940239913817367,0.9821428571428572,0.8636363636363636,5,4.49,4.49,1271856.6,886426.500000000000,1,0,0.08986263372435567,-0.01801850550267825,-0.1466034741918754
2007_12,7.5,173.7680206298828,253.17999267578125,7.788518905639648,105.18548583984375,4.695767402648926,49,-0.5378211706247044,-0.44387861756498204,-0.6231297308139605,-0.44387861756498204,-0.5033855952741385,-0.7054849353649412,0.5840193456294714,0.641543288187849,0.5362634482064165,0.641543288187849,0.6044806645625665,0.49386902162283053,7.45,7.46,7.47,7.52,7.38,7.08,6.83,0.9166666666666666,-0.020833333333333037,pr_36,2007-12-17,1.6717346379111084,0.9919571045576407,0.8924242424242425,5,4.24,4.24,1403912.25,885789.750000000000,1,0,0.5138617926835346,-0.008075414005545418,-0.1138136513688845
2008_1,7.5,173.95706176757813,256.0299987792969,8.168615341186523,108.65843963623047,5.039525508880615,50.29999923706055,-0.535805289476508,-0.446552417440867,-0.6190813295887208,-0.446552417440867,-0.5103029244209567,-0.6939323617771537,0.5851978466784347,0.6398302210434655,0.5384388583024701,0.6398302210434655,0.6003137015856848,0.49960756347845037,7.43,7.44,7.42,7.47,7.33,7.2,6.91,0.9090909090909091,0.022727272727272485,pr_37,2008-01-21,1.6049050793352722,0.9912087912087912,1.0833333333333333,5,3.94,3.94,1321293.25,894807.800000000000,1,0,0.47306461423202834,-0.008830079448272037,0.08004270767353636
2008_2,7.5,177.75291442871094,262.1499938964844,8.064423561096191,109.18270874023437,5.093657493591309,48.29999923706055,-0.3944459021585392,-0.3643656359949259,-0.45453288456154944,-0.3643656359949259,-0.36995020451963584,-0.5141474293330119,0.6740534273416655,0.6946371639537858,0.6347443976169977,0.6946371639537858,0.6907687269415359,0.5980102233150861,8,8.15,8.3,8.75,8.66,8.18,7.7,0.6666666666666667,0.08333333333333304,pr_38,2008-02-25,0.6613750413673014,0.9821782178217822,0.7856209150326797,5,2.98,2.98,1336580.6,881700.250000000000,1,0,-0.41343421521042095,-0.017982502550432357,-0.2412808992913283
2008_3,7.5,167.41160583496094,259.94000244140625,7.968733310699463,109.98214721679687,5.098039150238037,48.599998474121094,-0.3009563798180712,-0.2918196247033776,-0.35351365227107673,-0.2918196247033776,-0.2512564853174364,-0.4251156736453024,0.740110055777887,0.7469032467184217,0.7022164056739006,0.7469032467184217,0.7778228458328188,0.6536941655692922,8.72,8.65,9.17,9.96,9.6,8.56,8.17,0.9166666666666666,0.41666666666666696,pr_39,2008-03-31,0.9067710067710067,0.9895561357702349,0.8564593301435407,5,2.61,2.61,1367603.25,890096.000000000000,1,0,-0.09786533398407983,-0.010498784098219695,-0.15494844612405598
2008_4,8.25,161.1008758544922,253.75,7.722312927246094,103.26314544677734,5.472312927246094,48.599998474121094,-0.3596779239746631,-0.3173987779182834,-0.4246663715118658,-0.3173987779182834,-0.3130056077883296,-0.5020589591324699,0.6979010670790062,0.7280403708066262,0.6539879377437878,0.7280403708066262,0.7312458118856542,0.6052831226263585,8.38,8.55,8.95,9.08,8.82,8.1,7.85,0.6363636363636364,-0.5909090909090908,pr_40,2008-04-28,0.9518518518518518,0.9704641350210971,1,5,2.28,2.28,1390501,886510.600000000000,1,0,-0.049345874103154976,-0.029980832211935784,0
2008_5,8.5,159.21450805664062,247.69000244140625,7.6785664558410645,98.834686279296875,5.719857215881348,49.599998474121094,-0.3526681813359574,-0.29297990393682505,-0.42440782185397513,-0.29297990393682505,-0.3157204123522121,-0.49985891148866896,0.7028103602853614,0.746037132955933,0.6541570479621086,0.746037132955933,0.7292633146820657,0.6066162402575628,8.65,8.7,8.88,9.1,8.87,8.1,7.85,0.75,-0.10416666666666607,pr_41,2008-05-26,1.104157452454666,0.9904761904761905,0.9545454545454546,5,1.98,1.98,1416111.6,892986.000000000000,1,0,0.09908255766269407,-0.009569451016150672,-0.04652001563489282
2008_6,8.5,155.86703491210937,242.4199981689453,7.587677001953125,109.70512390136719,5.6744489669799805,50.20000076293945,-0.3079281976524347,-0.2713982126974518,-0.37065219703251706,-0.2713982126974518,-0.2735375422783977,-0.43849939136309685,0.7349680885486651,0.7623128732902127,0.6902839826304356,0.7623128732902127,0.760683778017628,0.6450035931910162,8.85,8.88,9.18,9.55,9.25,8.5,8.24,0.6,0.09999999999999964,pr_42,2008-06-23,0.8657545825347683,0.9838056680161943,0.8947368421052632,5,2,2,1438554.75,895391.500000000000,1,0,-0.144153802574985,-0.01632689328742878,-0.11122563511022437
2008_7,8.5,147.00064086914063,231.82000732421875,7.460122585296631,110.4953842163086,5.829015731811523,50,-0.39548151994159264,-0.3179663698121202,-0.47430474272710565,-0.3179663698121202,-0.3573115235454561,-0.5551770801370356,0.6733557269633991,0.7276272582445319,0.6223175769125023,0.7276272582445319,0.6995545360769609,0.5739706134019233,8.47,8.45,8.58,8.69,8.41,7.81,7.57,0.9090909090909091,-0.022727272727273373,pr_43,2008-07-21,0.8484234780499635,0.9917355371900827,0.9473684210526316,5.25,2.01,2.01,1433829,905993.400000000000,1,0,-0.16437538334829088,-0.008298802814695066,-0.0540672212702757
2008_8,8.5,157.51585388183594,235.8800048828125,7.440398693084717,102.39542388916016,5.618340492248535,49.900001525878906,-0.3850386407971723,-0.3086083513805086,-0.4634106573661231,-0.3086083513805086,-0.35118131484307535,-0.5411534809235522,0.680424343557556,0.7344683672261483,0.6291342208503967,0.7344683672261483,0.703856122722822,0.5820764509112157,8.48,8.6,8.57,8.8,8.52,7.93,7.6,0.9166666666666666,-0.020833333333333925,pr_44,2008-08-25,0.6363424157541806,0.9777070063694268,0.9090909090909091,5.25,2,2,1446100.8,906233.750000000000,1,0,-0.4520184709710718,-0.022545238321056208,-0.0953101798043249
2008_9,8.5,167.49948120117187,240.67999267578125,7.665904998779297,108.4944839477539,4.974326133728027,43.5,-0.32029653937787217,-0.2658063642382189,-0.3901233489341666,-0.2658063642382189,-0.27161576666501136,-0.47251619163522723,0.7259337372140156,0.7665875518950032,0.6769733654048099,0.7665875518950032,0.7621470471388293,0.6234316196583918,8.85,8.98,9.1,9.66,9.27,8.17,7.95,0.9090909090909091,-0.022727272727273373,pr_45,2008-09-29,1,1,1,5.25,1.81,1.81,1469469.5,1009474.000000000000,1,0,0,0,0
2008_10,11.5,195.2784881591797,260.1499938964844,7.71376895904541,113.03646087646484,4.585987091064453,38.900001525878906,-0.07581008359683027,0,-0.15488130437142403,0,0,-0.2640730945721768,0.9269922408751043,1,0.8565168362545335,1,1,0.7679174070109027,11.62,11.66,11.8,12.66,12.02,9.79,8.39,1,-3,pr_46,2008-10-20,0.7438248026483321,0.9736842105263158,1,4.25,0.97,0.97,1920649.2,1727614.600000000000,1,0,-0.29594975219026864,-0.026668247082161294,0
2008_11,11,208.3883056640625,265.32000732421875,7.822655200958252,109.92090606689453,4.121750354766846,36.20000076293945,-0.17491458128039258,-0.0792902599487962,-0.26182553653770974,-0.0792902599487962,-0.1223016064132619,-0.3595545010482564,0.8395287291756635,0.9237717515857348,0.7696452869767192,0.9237717515857348,0.8848814423333441,0.697987209386906,10.75,10.75,10.66,11.05,10.94,8.86,8.13,0.9090909090909091,-0.04545454545454497,pr_47,2008-11-24,0.5219421101774043,0.9703196347031964,0.7610294117647058,3.75,0.39,0.39,1973029.75,2145077.750000000000,1,0,-0.6501985972926495,-0.03012974145202927,-0.2730832730306283
2008_12,10,197.0555419921875,265.0199890136719,8.047035217285156,117.1846923828125,3.790271520614624,32.400001525878906,-0.3225161256127786,-0.2568867845817173,-0.39674941284241627,-0.2568867845817173,-0.28473483940777494,-0.4749731661494671,0.7243242515403338,0.773455775927857,0.6725025250160964,0.773455775927857,0.7522136853038701,0.6219017442595718,9.03,8.96,8.95,9.57,9.43,8.28,7.7,1,0.3000000000000007,pr_48,2008-12-08,1,1,1,3,0.16,0.16,2038827.5,2222737.400000000000,1,0,0,0,0
2009_1,9.5,211.39059448242187,279.8599853515625,8.464356422424316,127.4394760131836,3.386641502380371,35.599998474121094,-0.20312133545492383,-0.22045712395211953,-0.24573256925094353,-0.22045712395211953,-0.20834977467598081,-0.27647915125682254,0.8161792039423427,0.8021520312332188,0.7821313629355139,0.8021520312332188,0.8119229969366998,0.7584494316842483,9.38,9.28,9.42,10.52,10.49,9.66,9.33,1,-0.16666666666666607,pr_49,2009-01-19,0.4013849901388602,0.979702300405954,0.8421052631578947,3,0.15,0.15,2018375.4,2033836.750000000000,1,0,-0.91283423709370215,-0.020506528562485436,-0.17185025692665928
2009_2,9.5,233.32029724121094,298.29998779296875,9.197131156921387,121.54055786132812,3.252032518386841,35.79999923706055,-0.055537481752993806,-0.09804382666015296,-0.08985014135567153,-0.09804382666015296,-0.013997407558016699,-0.14473404693387876,0.9459765661459435,0.9066091692312601,0.9140681560225317,0.9066091692312601,0.9861001006668489,0.8652523790365299,10.35,10.75,11.32,12.79,11.97,10.85,10.05,1,0,pr_50,2009-02-23,0.24011881487687936,0.9699248120300752,1,3,0.22,0.22,1851622.5,1881628.500000000000,1,0,-1.4266214161559045,-0.03053672386008165,0
2009_3,9.5,233.05746459960937,304.1400146484375,9.76969051361084,113.06945037841797,3.109452724456787,36.29999923706055,0,-0.14790704246512493,0,-0.14790704246512493,-0.01685863048714736,0,1,0.8625112881387836,1,0.8625112881387836,0.9832826810033636,1,9.92,10.15,11.05,12.98,12.98,12.25,11.65,0.6666666666666667,0.3333333333333339,pr_51,2009-03-23,0.7285067873303168,0.9487179487179487,1,2.5,0.18,0.18,1823970.75,1984832.250000000000,1,0,-0.3167583365332897,-0.05264373348542203,0
2009_4,9.5,223.85140991210937,295.260009765625,9.938294410705566,108.11187744140625,3.1192092895507813,40.099998474121094,-0.1661313219485848,-0.2146044253243064,-0.19775653989641243,-0.2146044253243064,-0.1855002656040471,-0.2132788728478917,0.8469350057309133,0.8068605506578097,0.8205696047820474,0.8068605506578097,0.8306886149466353,0.8079307958352184,9.42,9.35,10.02,10.39,10.45,10.26,10.13,1,0,pr_52,2009-04-20,0.4016474467561424,0.9453376205787781,1,2.25,0.15,0.15,1832057,2123506.200000000000,1,0,-0.9121805732700038,-0.05621314484055253,0
2009_5,9.5,206.54212951660156,281.92999267578125,9.828778266906738,103.61328125,3.1048262119293213,42.79999923706055,-0.20342565921991268,-0.22904620659833105,-0.24281803380957456,-0.22904620659833105,-0.23656668142030218,-0.2549100183404037,0.8159308590046432,0.795291784928025,0.7844142376562436,0.795291784928025,0.7893332466850989,0.7749862293708429,9.25,9.25,9.38,10.03,10.05,9.97,9.8,0.7777777777777778,-0.11111111111111072,pr_53,2009-05-25,0.9127987954074911,0.9773828756058158,0.826797385620915,1.75,0.18,0.18,1778992.4,2134464.000000000000,1,0,-0.09123980010265827,-0.022876814653754646,-0.1901956132248606
2009_6,9.5,200.09988403320312,280.4599914550781,9.622847557067871,99.58739471435547,3.1911628246307373,44.79999923706055,-0.22223809287439358,-0.22904620659833105,-0.2683033631299597,-0.22904620659833105,-0.25709230976673514,-0.2830966772477318,0.8007246947928491,0.795291784928025,0.7646757714776204,0.795291784928025,0.7732968276209059,0.7534469431617847,9.25,9.25,9.28,9.75,9.76,9.74,9.64,0.6666666666666667,-0.16666666666666607,pr_54,2009-06-22,0.9392057218144174,0.9748427672955975,1,1.75,0.21,0.21,1797874.75,2057022.500000000000,1,0,-0.06272073770537893,-0.0254790853009849,0
2009_7,8.5,193.1147003173828,272.05999755859375,9.693058013916016,98.48526763916016,5.140758991241455,48.900001525878906,-0.3782832773544897,-0.3472409829331546,-0.43832107003376486,-0.3472409829331546,-0.39993762987591364,-0.46892278531007875,0.6850364178733539,0.7066350207580012,0.6451186213448598,0.7066350207580012,0.6703618552838986,0.625675892661228,8.18,8.25,8.05,8.51,8.53,8.53,8.21,1,0.17857142857142883,pr_55,2009-07-27,0.8130713341239657,0.9851063829787234,1,1.75,0.16,0.16,1879638,2022073.200000000000,1,0,-0.2069364314335211,-0.015005640617870162,0
2009_8,8,189.2696990966797,270.04998779296875,9.969484329223633,100.32225036621094,5.0749006271362305,52.900001525878906,-0.4315233996408308,-0.4181758242608647,-0.4847862565895135,-0.4181758242608647,-0.4530322748699777,-0.5111985189192672,0.6495188638522408,0.6582464825483979,0.6158288120483972,0.6582464825483979,0.6356976162374088,0.5997763046180881,7.65,7.65,7.67,8.06,8.15,8.14,8.14,1,-0.03125,pr_56,2009-08-24,1.020062290650526,0.9766233766233766,1.0588235294117647,1.75,0.16,0.16,1814346.75,2034911.250000000000,1,0,0.019863694696749513,-0.023654190897889716,0.05715841383994862
2009_9,7.5,186.6776580810547,271.8399963378906,10.319900512695312,96.98591613769531,5.1666154861450195,52.599998474121094,-0.5420320236435124,-0.5353950253303148,-0.5925007944073896,-0.5353950253303148,-0.5785027204304591,-0.608263002064508,0.5815652964511996,0.5854379816293683,0.5529427580907892,0.5854379816293683,0.5607373188670167,0.544295488575886,6.78,6.82,6.75,7.18,7.41,7.63,7.65,1,-0.02777777777777768,pr_57,2009-09-28,1.3547563689507423,1,1,1.75,0.15,0.15,1801293.75,2122220.000000000000,1,0,0.30362163665306713,0,0
2009_10,7,181.21624755859375,268.489990234375,10.321476936340332,94.15515899658203,4.933008670806885,55.70000076293945,-0.5856487736037943,-0.6034944515672598,-0.6273139748504286,-0.6034944515672598,-0.5988759082212878,-0.6515842123349488,0.5567445434540912,0.5468971873345226,0.5340242789535075,0.5468971873345226,0.5494288976065204,0.521219400152903,6.35,6.35,6.45,7.2,7.23,7.38,7.39,1,-0.13888888888888928,pr_58,2009-10-19,0.880701754385965,0.9794050343249427,0.9090909090909091,1.75,0.12,0.12,1802763.8,2173382.250000000000,1,0,-0.12703624113686657,-0.020809999513793403,-0.0953101798043249
2009_11,6.5,181.65481567382812,270.9200134277344,10.454816818237305,94.685699462890625,4.99390983581543,53.599998474121094,-0.6058416801668121,-0.6459035653823858,-0.6394939232796549,-0.6459035653823858,-0.641976913364476,-0.6459447244734761,0.5456149999974724,0.5241886893068429,0.527559341998456,0.5241886893068429,0.5262510423028702,0.5241671146208315,6.02,6.15,6.1,6.99,7.14,7.46,7.46,1,-0.02777777777777768,pr_59,2009-11-23,0.5024410975497932,0.9796296296296296,0.9545454545454546,1.75,0.12,0.12,1763488,2178795.500000000000,1,0,-0.6882768647259492,-0.020580707700020687,-0.04652001563489282
2009_12,6.25,186.9577178955078,273.2200012207031,10.404163360595703,97.8093032836914,4.838709831237793,55.900001525878906,-0.5570209679688032,-0.6475206355578867,-0.5737505035087369,-0.6475206355578867,-0.6121274953901252,-0.560910094726755,0.5729132511003993,0.5233417243964399,0.5634084060082463,0.5233417243964399,0.5421961214010543,0.5706894459785387,6.07,6.08,6.05,7.41,7.59,7.99,7.9,1,-0.03125,pr_60,2009-12-21,0.9001766505272817,0.975103734439834,1.0769230769230769,1.75,0.12,0.12,1799696.5,2219218.000000000000,1,0,-0.10516425655425782,-0.025211419346496056,0.074107972153721835
2010_1,6,188.7822265625,269.42999267578125,10.863192558288574,106.3773422241211,5.095541477203369,58.400001525878906,-0.6063924055940682,-0.689304167954617,-0.625474958389957,-0.689304167954617,-0.6667233181807204,-0.6110305770330896,0.5453145986703987,0.5019252032233893,0.5350072619767386,0.5019252032233893,0.5133880339993211,0.5427911925923221,5.8,5.85,5.73,7.04,7.33,7.66,7.64,1,-0.08333333333333304,pr_61,2010-01-25,0.7203650597768245,0.9813664596273292,1,1.75,0.11,0.11,1880625.6,2256424.000000000000,1,0,-0.32799716799921896,-0.018809331957496227,0
2010_2,5.75,198.166015625,271.2099914550781,11.36760425567627,110.40654754638672,4.754693984985352,56.5,-0.6440345399122713,-0.7266887609275662,-0.6630972721031598,-0.7266887609275662,-0.7076940321664351,-0.6466690710452039,0.5251693274516698,0.4835073507843282,0.5152529818162357,0.4835073507843282,0.49277922132717555,0.5237875734446131,5.57,5.65,5.57,6.71,7.02,7.51,7.49,0.8888888888888888,-0.02777777777777768,pr_62,2010-02-22,0.7312486064659978,0.9810924369747899,1,1.75,0.13,0.13,1879768.75,2267424.750000000000,1,0,-0.3130017861254111,-0.019088596562522736,0
2010_3,5.5,195.5928955078125,265.3999938964844,11.838647842407227,110.50697326660156,4.6441497802734375,59.599998474121094,-0.7628000402530744,-0.8165108197811524,-0.7912859051898629,-0.8165108197811524,-0.8182562947438496,-0.7837622235154121,0.46635877378446206,0.4419710840343858,0.45326156897194597,0.4419710840343858,0.44120030745427147,0.45668462557923417,5.12,5.13,5.1,5.95,6.22,6.86,6.86,1,-0.10714285714285676,pr_63,2010-03-29,0.6623809523809523,0.9830508474576272,1,1.75,0.16,0.16,1890404.5,2298183.400000000000,1,0,-0.4119144317880716,-0.017094433359300068,0
2010_4,5.25,198.06802368164062,265.5299987792969,11.776488304138184,113.03541564941406,4.282719612121582,60.400001525878906,-0.8163359337234114,-0.8682045901331958,-0.8452789705435829,-0.8682045901331958,-0.8871999322140864,-0.8296014421866479,0.44204838537417435,0.4197044146416112,0.4294375410745219,0.4197044146416112,0.4118072280488359,0.43622311180905776,4.88,4.85,4.85,5.5,6.04,6.62,6.66,1,-0.07142857142857117,pr_64,2010-04-26,0.49617414748993705,0.9772727272727273,1,1.75,0.2,0.2,1943854,2328737.000000000000,1,0,-0.700828310069372,-0.02298951822469872,0
2010_5,5.25,220.27854919433594,276.7799987792969,11.484945297241211,111.90160369873047,3.9355993270874023,59.70000076293945,-0.7225440142662037,-0.8460003244923138,-0.7284182399382804,-0.8460003244923138,-0.7997464532403008,-0.6981001014221977,0.485515525074222,0.4291278763109124,0.48267185766178367,0.4291278763109124,0.449442904464105,0.49752966231248175,5,4.95,5.05,6.19,6.73,7.23,7.25,0.7142857142857143,-0.07142857142857117,pr_65,2010-05-31,1.1555595217920402,0.9779411764705882,1.0952380952380953,1.75,0.2,0.2,2051150.5,2336799.500000000000,1,0,0.14458466112525203,-0.022305757514298277,0.09097177820572679
2010_6,5.25,230.55941772460937,281.489990234375,11.209207534790039,107.62193298339844,3.479036569595337,56.20000076293945,-0.6269657255393418,-0.7738283601829958,-0.62605992573424,-0.7738283601829958,-0.6790423312134701,-0.6056741752822533,0.5342102849271029,0.46124387622938284,0.5346943917178919,0.46124387622938284,0.507102396036778,0.5457064008298897,5.35,5.35,5.48,7.13,7.43,7.69,7.62,0.8571428571428572,-0.03571428571428559,pr_66,2010-06-21,0.7869502949436535,0.962536023054755,1.0909090909090908,1.75,0.18,0.18,2121154.75,2337481.800000000000,1,0,-0.23959019019121333,-0.03818378697015876,0.0870113769896297
2010_7,5.25,222.20046997070312,283.75,11.022656440734863,103.36847686767578,1.3096623420715332,55.5,-0.6556968567595751,-0.7400456543006256,-0.6745370595862183,-0.7400456543006256,-0.6755813771281641,-0.6821414511600574,0.5190802119681948,0.47709213371612286,0.5093921842596355,0.47709213371612286,0.5088604947405506,0.505533257616252,5.55,5.52,5.65,7.01,7.16,7.24,7.15,1,0,pr_67,2010-07-19,1.1672549019607843,0.9676674364896074,1,1.75,0.18,0.18,2007363.8,2332588.500000000000,1,0,0.15465475444097296,-0.032866808080352104,0
2010_8,5.25,218.27981567382812,281.45001220703125,10.954805374145508,97.0302734375,1.4547570943832397,56.29999923706055,-0.6158973644779058,-0.7373713061586098,-0.6228637299454264,-0.7373713061586098,-0.6504514380392155,-0.6160208999374321,0.5401559609885213,0.4783697518138148,0.536406113723137,0.4783697518138148,0.5218101586266701,0.5400892366951576,5.52,5.58,5.6,7.36,7.45,7.62,7.52,0.5714285714285714,0.03571428571428559,pr_68,2010-08-23,1.2001995483196817,0.9742489270386266,0.8502673796791445,1.75,0.19,0.19,1957995.5,2317172.250000000000,1,0,0.18248783323566226,-0.026088436084297853,-0.16220441463435503
2010_9,5.25,215.88734436035156,282.1000061035156,10.844457626342773,92.24787902832031,1.4534883499145508,54.400001525878906,-0.7186501873812315,-0.7600224977945367,-0.751924613448962,-0.7600224977945367,-0.7180279461598438,-0.7791418520846226,0.4874097239267342,0.46765590566507664,0.47145830401498257,0.46765590566507664,0.4877131047268978,0.4587995603056974,5.35,5.5,5.73,6.44,6.53,6.79,6.76,0.8571428571428572,-0.03571428571428559,pr_69,2010-09-27,1.0417929647544253,0.9676767676767677,0.9411764705882353,1.75,0.19,0.19,1969579,2301947.800000000000,1,0,0.04094323333478131,-0.03285716515777505,-0.060624621816434854
2010_10,5.25,197.15786743164062,274.010009765625,10.813117980957031,96.66619873046875,1.799187421798706,56.900001525878906,-0.6895463851647584,-0.7646033106680026,-0.7114412690849198,-0.7646033106680026,-0.700813180698052,-0.7252453699889724,0.5018036430235454,0.46551856059842733,0.4909361162687226,0.46551856059842733,0.4961816543496407,0.4842057448197534,5.35,5.45,5.77,6.6,6.81,7.03,7.02,1,0,pr_70,2010-10-25,0.9528562940327646,0.9855334538878843,1,1.75,0.19,0.19,1876885,2304649.000000000000,1,0,-0.04829117994836479,-0.014572206859090723,0
2010_11,5.5,201.67630004882813,275.510009765625,10.729354858398438,97.27933502197266,1.9141530990600586,56.599998474121094,-0.5035271046215377,-0.6944623641383256,-0.4900552143487472,-0.6944623641383256,-0.5457942264283484,-0.46850241946648385,0.6043951309502544,0.4993428404482598,0.6125925693508525,0.4993428404482598,0.579381440503679,0.6259389607242039,5.69,5.9,6.26,8.08,8.34,8.44,8.43,0.8571428571428571,-0.03571428571428559,pr_71,2010-11-29,1.6305498967263672,0.9907235621521335,1.1341991341991342,1.75,0.19,0.19,1892420.25,2318469.750000000000,1,0,0.4889173178804232,-0.009319731948802366,0.1259267932393033
2010_12,5.75,210,277.6199951171875,10.802586555480957,94.88475799560547,2.031930446624756,57,-0.5435792028299111,-0.6674151053665919,-0.5500504483113978,-0.6674151053665919,-0.5677226514049073,-0.5485343421972597,0.5806662064350291,0.5130330015536279,0.5769207049709573,0.5130330015536279,0.5668148048737163,0.5777960413628954,5.76,6.15,6.33,7.72,7.85,7.95,7.94,0.8,-0.04999999999999982,pr_72,2010-12-20,1.2957900432900433,0.9764453961456103,1.040909090909091,1.75,0.18,0.18,1950321.8,2392691.800000000000,1,0,0.25912058117185094,-0.023836448154511188,0.0400944572018782
2011_1,6,206.0853271484375,275.3299865722656,11.184406280517578,102.18465423583984,1.5873016119003296,60.79999923706055,-0.6358918251860001,-0.7021613270755159,-0.6606590738139856,-0.7021613270755159,-0.6650982972776126,-0.6660679522513571,0.5294630891821653,0.4955131795519496,0.516510803541255,0.4955131795519496,0.5142229785033754,0.5137246013006718,5.8,5.7,5.93,6.87,7.11,7.32,7.33,0.7142857142857143,-0.14285714285714324,pr_73,2011-01-24,0.9345816175694225,0.9863201094391245,1.0166666666666666,1.75,0.17,0.17,1962432.75,2443221.500000000000,1,0,-0.06765631767724906,-0.0137743224648294,0.016529301951210506
2011_2,6,198.65924072265625,271.1499938964844,11.642809867858887,103.3023452758789,1.8213356733322144,61.400001525878906,-0.6423026012338473,-0.679110954784842,-0.677011304375924,-0.679110954784842,-0.6807696572368402,-0.6827072738183161,0.5260796766295235,0.5070675980533054,0.5081333812374113,0.5070675980533054,0.5062272209455471,0.5052472963538995,5.88,5.89,5.87,6.74,6.98,7.25,7.26,0.8571428571428572,-0.03571428571428559,pr_74,2011-02-21,1.2114247311827957,0.9832089552238806,1,1.75,0.16,0.16,1970627.75,2502997.250000000000,1,0,0.19179713072927224,-0.016933612529439625,0
2011_3,6,193.50668334960937,270.8900146484375,11.79405403137207,99.4229965209961,2.4495677947998047,61.20000076293945,-0.6515382423086402,-0.6833444588351072,-0.6879841389483807,-0.6833444588351072,-0.6908755331238027,-0.6941361667069825,0.5212433611731807,0.5049254628915075,0.5025881965395385,0.5049254628915075,0.5011371147910256,0.499505751369291,5.85,5.87,5.85,6.64,6.94,7.19,7.19,1,0,pr_75,2011-03-28,1.2346992088371398,0.9936406995230525,0.9473684210526316,1.75,0.14,0.14,1940167.5,2585821.000000000000,1,0,0.21082738481800162,-0.00637960696403904,-0.0540672212702757
2011_4,6,183.69338989257812,265.2900085449219,11.5408296585083,102.59619903564453,2.61344051361084,60.400001525878906,-0.6731864977580639,-0.6850390766902072,-0.7167352532571664,-0.6850390766902072,-0.7039026894908187,-0.7316703354445424,0.5100806146785369,0.5040705317819527,0.4883439756692642,0.5040705317819527,0.49465106237187106,0.4811047123168431,5.85,5.85,5.88,6.46,6.76,7,7,1,0,pr_76,2011-04-18,1.2322100313479625,0.9831288343558282,0.8848684210526316,2,0.1,0.1,1885721.4,2672712.750000000000,1,0,0.20880933057149514,-0.01701510500598293,-0.12231632180438252
2011_5,6,186.0478057861328,266.9599914550781,11.122995376586914,103.85623931884766,2.725186347961426,53.5,-0.6463690062467207,-0.674898444727102,-0.68399217133286,-0.674898444727102,-0.6862108718250279,-0.6904872778309752,0.5239447672402696,0.5092081307524662,0.5045985222519583,0.5092081307524662,0.50348021032066,0.501331721704413,5.9,5.92,5.95,6.6,6.98,7.19,7.21,1,0,pr_77,2011-05-16,1.3230389083533098,0.979381443298969,0.8833333333333333,2,0.09,0.09,1899248.75,2749065.000000000000,1,0,0.27993129388655225,-0.020834086902842025,-0.12405264866997888
2011_6,6,185.48095703125,266.8699951171875,10.89323616027832,105.8014144897461,3.0459771156311035,55.29999923706055,-0.6410694051131474,-0.6867365940600979,-0.6726787662173515,-0.6867365940600979,-0.690741201953942,-0.6705066987655584,0.5267288362342065,0.5032155891438898,0.5103396644532208,0.5032155891438898,0.5012044376475939,0.5114493613597202,5.85,5.83,5.82,6.67,7.08,7.31,7.3,1,0,pr_78,2011-06-20,1.1796016483516483,0.9837019790454016,0.7466699966699967,2,0.09,0.09,1919570,2829826.400000000000,1,0,0.16517679533987306,-0.01643229462708158,-0.2921319629852178
2011_7,6,187.66123962402344,267.67999267578125,10.841387748718262,110.24642944335937,3.1887388229370117,50.900001525878906,-0.626933724527006,-0.6978572060987204,-0.6499631371599061,-0.6978572060987204,-0.6917297762911668,-0.6350233169718388,0.5342273804705566,0.49765052461859893,0.5220650212057067,0.49765052461859893,0.5007092046304898,0.5299231319707679,5.8,5.75,5.85,6.63,7.22,7.5,7.52,1,0,pr_79,2011-07-26,0.9422118579095323,0.9728260869565217,0.8898809523809523,2.25,0.07,0.07,1965562,2870763.500000000000,1,0,-0.05952512745307275,-0.02754995176823063,-0.11666758657251787
2011_8,6,189.8975067138672,272.3699951171875,10.771254539489746,115.56208801269531,3.0972182750701904,50.599998474121094,-0.6547496033550684,-0.7056406303471505,-0.6844013170455983,-0.7056406303471505,-0.7320256964457982,-0.6662596187095322,0.5195721454222294,0.4937921346799061,0.5043921101591158,0.4937921346799061,0.4809337768382656,0.5136261469613617,5.73,5.73,5.7,6.31,7.04,7.35,7.35,1,0,pr_80,2011-08-23,0.7573300009659036,0.9704016913319239,0.84593837535014,2.25,0.1,0.1,2056399,2862173.000000000000,1,0,-0.27795618795193516,-0.030045178431387817,-0.16730876440476944
2011_9,6,207.00799560546875,285.04998779296875,10.726862907409668,120.76197814941406,2.979942798614502,51.599998474121094,-0.5521310750187354,-0.655743743292639,-0.564537308691857,-0.655743743292639,-0.6300642593067067,-0.5373200092946373,0.5757215962255982,0.5190558746672238,0.568623182904917,0.5190558746672238,0.5325575781265879,0.5843121068956972,6,6.05,6.15,7.09,7.57,8.14,8.14,0.8571428571428572,0.03571428571428559,pr_81,2011-09-20,1e-5,0.9661016949152542,0.9375,2.25,0.08,0.08,2152570.6,2857717.000000000000,1,0,-11.512925464970229,-0.03448617607116932,-0.06453852113757118
2011_10,6,216.5402069091797,296.7900085449219,10.855866432189941,111.83052825927734,2.907639741897583,50.79999923706055,-0.5682892344881877,-0.6353339646195284,-0.59279074656595,-0.6353339646195284,-0.6157433442243714,-0.5879172386093339,0.5664937481551634,0.5297585381630281,0.5527824543858462,0.5297585381630281,0.540239162353764,0.555483019342867,6.1,6.2,6.35,7.08,7.4,7.79,7.81,0.8571428571428572,0.03571428571428559,pr_82,2011-10-25,0.7524279448621554,0.9686221009549796,1,2.25,0.07,0.07,2313283,2854649.500000000000,1,0,-0.2844500412798515,-0.03188073185129034,0
2011_11,6.5,228.0540008544922,309.1499938964844,10.694167137145996,99.2430191040039,3.073420524597168,52.70000076293945,-0.3783094073567534,-0.48138722624430064,-0.39156537552228793,-0.48138722624430064,-0.402498852175023,-0.3938836725170979,0.6850185181040657,0.6179255943626148,0.6759978553372163,0.6179255943626148,0.6686471064155685,0.674432506713276,6.78,7.58,7.67,8.83,8.87,8.92,8.91,1,0,pr_83,2011-11-29,1.2667765567765568,0.9619921363040629,1,2,0.08,0.08,2371249.5,2825922.200000000000,1,0,0.2364755296511159,-0.038749002669941454,0
2011_12,7,230.81417846679687,304.19000244140625,10.714240074157715,87.19144439697266,3.2716927528381348,53.900001525878906,-0.3012337262664239,-0.42798911594919714,-0.30689136410826334,-0.42798911594919714,-0.37129200377656535,-0.28085149875471355,0.7399048173449178,0.6518185091858922,0.7357305233074315,0.6518185091858922,0.6898424755377088,0.7551404664538419,7.55,7.6,7.95,9.06,9.64,9.75,9.76,1,-0.07142857142857117,pr_84,2011-12-20,1.238174603174603,0.974025974025974,1,1.75,0.07,0.07,2571834,2891339.750000000000,1,0,0.21363820080767995,-0.026317308317373417,0
2012_1,7,238.14801025390625,307.3299865722656,11.186522483825684,79.80537414550781,4.9147725105285645,54.099998474121094,-0.3721030433474684,-0.4398812570117402,-0.39680407718400995,-0.4398812570117402,-0.40631005379715324,-0.39979292183354387,0.6892832128151135,0.6441129004329323,0.6724657641131108,0.6441129004329323,0.6661036074514013,0.6704588690548232,7.48,7.49,7.85,8.6,8.83,8.89,8.86,0.5714285714285714,0.2142857142857144,pr_85,2012-01-24,1.2197542160356805,0.982646420824295,1.0454545454545454,1.75,0.08,0.08,2688407.75,2913951.500000000000,1,0,0.19864937618308123,-0.017505917513614522,0.044451762570833796
2012_2,7,219.81246948242187,290.67999267578125,11.725090026855469,86.93160247802734,5.423055171966553,52.400001525878906,-0.4181776380885398,-0.4799272419852794,-0.44483971660780286,-0.4799272419852794,-0.44847431544852234,-0.45098764045485257,0.6582452886037936,0.6188284148951462,0.6409269977531565,0.6188284148951462,0.638601713527622,0.636998715143708,7.08,7.3,7.52,8.27,8.42,8.57,8.55,0.8571428571428572,-0.03571428571428559,pr_86,2012-02-28,0.9846609186672708,0.9879518072289156,1,1.75,0.1,0.1,2668442.25,2929930.000000000000,1,0,-0.015457942083809519,-0.01212136053234485,0
2012_3,7,221.39231872558594,292.260009765625,11.941435813903809,93.04621887207031,5.035161972045898,53.400001525878906,-0.3687498456360105,-0.45462199506843903,-0.3874031881109241,-0.45462199506843903,-0.41384759321879655,-0.3812359438461496,0.691598395169645,0.6346878377420577,0.6788173486602563,0.6346878377420577,0.6611016999704652,0.6830167170156082,7.35,7.4,7.6,8.72,8.93,9.06,8.97,1,0,pr_87,2012-03-27,1.218785767895675,0.9860383944153578,1,1.75,0.13,0.13,2992502.2,2887272.500000000000,1,0,0.1978550909162394,-0.014059985568298598,0
2012_4,7,223.9857177734375,294.80999755859375,11.679977416992188,95.13243865966797,5.093758583068848,54.79999923706055,-0.47206829976485465,-0.4785157445083043,-0.5180260716540406,-0.4785157445083043,-0.4901008207978981,-0.5421946533956563,0.6237109121543202,0.6197025063852948,0.5956952479374453,0.6197025063852948,0.6125646318160589,0.5814707243215117,7.2,7.2,7.3,7.87,7.95,7.98,7.94,1,0,pr_88,2012-04-24,1.2683892660566087,0.9845201238390093,1,1.75,0.14,0.14,2967351,2868677.250000000000,1,0,0.2377478010607922,-0.015600940442479661,0
2012_5,7,229.6270294189453,293.6700134277344,11.38546371459961,102.82183074951172,4.803127765655518,53.5,-0.4026924576761854,-0.47992210023677423,-0.42424870913416207,-0.47992210023677423,-0.4319647435180522,-0.42827145399640426,0.6685176651881013,0.6188315967634036,0.6542611409502344,0.6188315967634036,0.6492322659273115,0.6516345019982126,7.1,7.28,7.55,8.49,8.65,8.71,8.65,0.8571428571428572,-0.03571428571428559,pr_89,2012-05-29,1.0050732892838157,0.9933110367892977,1,1.75,0.16,0.16,2971850.75,2856312.600000000000,1,0,0.0050604635126783905,-0.006711434587986804,0
2012_6,7,234.36851501464844,293.57000732421875,10.997886657714844,101.4644775390625,4.935861587524414,49.70000076293945,-0.490580311003242,-0.4973473726449787,-0.536375371455542,-0.4973473726449787,-0.5140635403163099,-0.5570729061531209,0.6122709834813392,0.6081416953261537,0.5848643310065434,0.6081416953261537,0.5980603919089654,0.5728834957990904,7.08,7.05,7.28,7.55,7.8,7.9,7.89,0.8571428571428572,-0.03571428571428559,pr_90,2012-06-26,0.5102740396858043,0.9776632302405498,0.95,1.75,0.16,0.16,3039940.2,2863870.500000000000,1,0,-0.6728073648580335,-0.022590013605106936,-0.05129329438755058
2012_7,7,232.9752655029297,286.2799987792969,10.727904319763184,97.74564361572266,5.122494220733643,49.79999923706055,-0.5552736459973897,-0.5310100051583883,-0.6125344745932618,-0.5310100051583883,-0.5620079524753663,-0.6498899027608478,0.5739151901118641,0.5880107757427091,0.5419755037520654,0.5880107757427091,0.5700632539460033,0.522103255723828,6.83,6.83,6.98,7.18,7.29,7.37,7.38,0.7142857142857143,-0.07142857142857117,pr_91,2012-07-24,0.4759211557959243,0.984822934232715,0.9545454545454546,1.5,0.16,0.16,3089636.25,2858675.250000000000,1,0,-0.7425030775545778,-0.01529341616949835,-0.04652001563489282
2012_8,6.75,224.94354248046875,278.92999267578125,10.527091979980469,102.07622528076172,5.11821985244751,49.599998474121094,-0.5905104696658422,-0.5523509322653328,-0.6528269218319164,-0.5523509322653328,-0.6181166924239133,-0.6803114621806414,0.554044389681516,0.5755950335740132,0.5205720781542333,0.5755950335740132,0.5389585070321082,0.5064592249029718,6.71,6.66,6.73,6.69,6.94,7.25,7.32,0.5714285714285714,0.10714285714285676,pr_92,2012-08-28,0.36164724923132097,0.9815837937384899,0.8473684210526315,1.5,0.13,0.13,3084620.4,2835816.600000000000,1,0,-1.0170859918783044,-0.01858789576809085,-0.16561970717602317
2012_9,6.5,221.07965087890625,284.2200012207031,10.467672348022461,106.81724548339844,5.3422369956970215,51.5,-0.6178696455457227,-0.6019469975671201,-0.671665454533683,-0.6019469975671201,-0.64522886906614485,-0.6941519375294989,0.5390916714970002,0.5477441407164174,0.5108570596949006,0.5477441407164174,0.5245424768206788,0.49949787381485816,6.3,6.42,6.48,6.59,6.72,7.24,7.3,0.5714285714285714,0.10714285714285676,pr_93,2012-09-25,0.7116008163653458,0.9718085106382979,0.586239272423483,1.5,0.14,0.14,3066619.25,2817912.000000000000,1,0,-0.34023817596606476,-0.028596499445988174,-0.5340272580270522
2012_10,6.25,217.42715454101563,282.0899963378906,10.487425804138184,104.56024169921875,5.09695291519165,51.70000076293945,-0.6864180058219107,-0.6582020481468277,-0.7446637072338961,-0.6582020481468277,-0.7176075818846119,-0.7673521723004134,0.5033759332523807,0.5177814442020434,0.47489397649833454,0.5177814442020434,0.4879181649896721,0.4642406716626258,6.05,5.97,6.02,6.17,6.35,6.88,6.95,0.5714285714285714,0.10714285714285676,pr_94,2012-10-30,0.5905169117088621,0.9774096385542168,0.8807017543859649,1.5,0.16,0.16,3052335.5,2826231.200000000000,1,0,-0.5267570041123846,-0.022849432772343917,-0.12703624113686668
2012_11,6,220.0343017578125,282.260009765625,10.605278968811035,98.4823989868164,5.080066204071045,49.5,-0.7072417681418123,-0.6833349607270114,-0.7637817540015848,-0.6833349607270114,-0.7481203229663304,-0.779796875567515,0.49300213804587,0.5049302587509101,0.4659011676203827,0.5049302587509101,0.47325528430415875,0.4584991342235674,5.88,5.84,5.88,5.96,6.31,6.82,6.88,0.5714285714285714,0.10714285714285676,pr_95,2012-11-27,0.6029435852768401,0.9760119940029985,0.9949874686716792,1.5,0.16,0.16,3037888.6,2857639.500000000000,1,0,-0.5059316433864834,-0.024280403707054435,-0.005025136202673043
2012_12,5.75,217.84434509277344,285.7900085449219,10.625247955322266,102.95600891113281,4.931129455566406,50.70000076293945,-0.8233663867760167,-0.7822112743152133,-0.8865869262461792,-0.7822112743152133,-0.8236763808818244,-0.9309103823715809,0.43895148401955014,0.45739346978260415,0.41205974572677145,0.45739346978260415,0.43881543273540613,0.3941946790817126,5.33,5.28,5.4,5.61,5.89,6.11,6.11,0.5714285714285714,0.10714285714285676,pr_96,2012-12-18,1.580249829719644,0.982025164769323,0.8535353535353536,1.5,0.16,0.16,3021158,2901149.500000000000,1,0,0.45758295461493786,-0.01813834491800534,-0.1583683157714617
2013_1,5.5,221.25978088378906,294.010009765625,11.07010269165039,113.73039245605469,3.682642936706543,53.099998474121094,-0.8086132043365151,-0.7775319172962887,-0.8677050701632741,-0.7775319172962887,-0.8426944977382724,-0.8890653188725383,0.4454754214338685,0.4595387925769135,0.41991411774927356,0.4595387925769135,0.4305488461713289,0.4110397643705759,5.38,5.28,5.27,5.54,5.89,6.34,6.35,0.5714285714285714,0.10714285714285676,pr_97,2013-01-29,0.9100638413130978,0.98,0.9523809523809523,1.5,0.14,0.14,2944922.25,2966026.000000000000,1,0,-0.09424052664289007,-0.020202707317519466,-0.048790164169432056
2013_2,5.25,219.1256866455078,292.7300109863281,11.479559898376465,121.45175170898437,3.6089415550231934,54.20000076293945,-0.8570489731060676,-0.8550322254233487,-0.905055156007557,-0.8550322254233487,-0.9021862495675093,-0.9134881190393844,0.42441268938312066,0.4252694863722197,0.40451957280308126,0.4252694863722197,0.4056817679280282,0.4011226175302448,4.93,4.93,4.91,5.3,5.66,6.25,6.33,0.5714285714285714,0.10714285714285676,pr_98,2013-02-26,0.7238008336692547,0.9925788497217068,0.9444444444444444,1.5,0.15,0.15,2760453.5,3068737.500000000000,1,0,-0.32323901605811167,-0.007448824012990625,-0.05715841383994864
2013_3,5,233.73187255859375,303.010009765625,11.60741901397705,118.21942138671875,3.3743975162506104,51.29999923706055,-0.8816852668017455,-0.9088038030617778,-0.9189556941760216,-0.9088038030617778,-0.955555066406309,-0.9056990857085969,0.4140844804973397,0.40300601037621075,0.39893543422313255,0.40300601037621075,0.38459860752789454,0.40425917448360515,4.71,4.63,4.58,5.12,5.61,6.27,6.43,0.7777777777777778,0.05555555555555536,pr_99,2013-03-26,0.035882453316663954,0.9839055793991416,0.9333333333333333,1.5,0.14,0.14,2657047.2,3170836.250000000000,0,1,-3.3275068685252576,-0.016225342429126384,-0.06899287148695143
2013_4,4.75,229.28758239746094,298.6700134277344,10.866321563720703,102.5760269165039,3.222370147705078,50.70000076293945,-1.05227583170904,-1.027104941701449,-1.1085521016431454,-1.027104941701449,-1.066495162585956,-1.1393768160427467,0.3491422552339822,0.35804201408018205,0.33003647456549356,0.35804201408018205,0.3442128157059507,0.3200183900150036,4.21,4.08,4.08,4.65,4.93,5.32,5.53,1,0,pr_100,2013-04-23,0.93778368576248194,0.98828125,0.9545454545454546,1.5,0.15,0.15,2627516.5,3264238.000000000000,0,1,-0.06423596876450917,-0.01178795575204224,-0.04652001563489282
2013_5,4.5,225.2195281982422,292.3800048828125,10.492696762084961,95.240570068359375,3.250732660293579,49,-1.014580941500212,-1.0367381065691377,-1.0532725475672822,-1.0367381065691377,-1.0796036446093333,-1.0451575068026764,0.36255432947625094,0.3546094958800109,0.34879443298018126,0.3546094958800109,0.3397301528405197,0.3516364298862946,4.13,4.08,3.98,4.64,5.1,5.64,5.96,1,0,pr_101,2013-05-28,1.0260854341736696,0.9850427350427351,1,1,0.11,0.11,2580290.8,3355983.800000000000,0,1,0.02575101245700904,-0.015070252920998166,0
2013_6,4.25,224.2019805908203,295.70001220703125,10.178234100341797,95.17964172363281,3.0294976234436035,50.900001525878906,-0.9222214209229446,-1.0164303448682097,-0.9368728187725838,-1.0164303448682097,-0.9780034115930195,-0.9210469805055886,0.3976347451088938,0.3618844399171737,0.3918513114107743,0.3618844399171737,0.3760611892020487,0.3981020177631307,4.18,4.2,4.38,5.11,5.44,6.12,6.52,1,0,pr_102,2013-06-25,0.8143093175600915,0.9903846153846154,0.9285714285714286,1,0.09,0.09,2518257,3440056.750000000000,0,1,-0.20541498815760328,-0.009661910911736859,-0.07410797215372185
2013_7,4,225.45870971679687,294.8999938964844,10.096076965332031,94.96393585205078,2.833686351776123,55.400001525878906,-0.9190918046793158,-1.0736561668529017,-0.9146769845877729,-1.0736561668529017,-1.0323414806746813,-0.860556441777147,0.3988811386155836,0.3417567108483677,0.4006460200308927,0.3417567108483677,0.3561720135578622,0.42292668275579187,3.95,3.96,4.09,4.92,5.45,6.41,6.91,1,0,pr_103,2013-07-23,0.7882786847289891,0.9822064056939501,1,1,0.09,0.09,2404705,3536213.800000000000,0,1,-0.23790359082391585,-0.01795380361659582,0
2013_8,3.799999952316284,224.9887237548828,299.4599914550781,9.9654541015625,97.19647979736328,2.963747024536133,55.70000076293945,-0.898135002779458,-1.1054977649578268,-0.8786315090528182,-1.1054977649578268,-1.0159754973493755,-0.8158499875281576,0.40732861853400704,0.3310460580963952,0.4153509269144687,0.3310460580963952,0.3620490795969111,0.4422632493070921,3.8,3.86,3.95,5.19,5.79,6.58,7.03,1,0.028571476255144113,pr_104,2013-08-27,0.9275423871641892,0.9794776119402985,1,1,0.08,0.08,2372080.8,3630451.500000000000,0,1,-0.07521678509821522,-0.020735898479178276,0
2013_9,3.5999999046325684,224.5654754638672,299.75,9.830000877380371,100.82876586914062,3.4865293502807617,56.20000076293945,-1.0308124001955399,-1.170988820111915,-1.030444382929591,-1.170988820111915,-1.1379639399024968,-0.9809414540922983,0.3567170458239149,0.31006019587488765,0.35684834801509113,0.31006019587488765,0.3204708559265739,0.3749579269551502,3.55,3.62,3.6,4.55,5.08,5.83,6.42,1,0.014285761969429878,pr_105,2013-09-24,0.3015562902405008,0.9848901098901099,0.8461538461538461,1,0.08,0.08,2347859.25,3693106.750000000000,0,1,-1.1987985796094476,-0.015225207597065556,-0.1670540846631662
2013_10,3.4000000953674316,216.178955078125,294.760009765625,9.73020076751709,103.94645690917969,3.4264628887176514,56.400001525878906,-1.128178513309761,-1.263502324384139,-1.129009532642987,-1.263502324384139,-1.2236214297712191,-1.0852763248363773,0.3236221934069382,0.28266231574619444,0.3233533688222403,0.28266231574619444,0.2941629452087619,0.3378084281381415,3.3,3.23,3.31,4.21,4.65,5.45,6.08,1,0.011110920376247613,pr_106,2013-10-29,0.6090695415695415,0.9885931558935361,1,1,0.09,0.09,2334426.75,3800415.600000000000,0,1,-0.49582282802203337,-0.011472401162236807,0
2013_11,3.200000047683716,220.61810302734375,297.67999267578125,9.232097625732422,107.87759399414062,3.520756721496582,57.29999923706055,-1.080532983489083,-1.3723021979927854,-1.0380751689406031,-1.3723021979927854,-1.2443584329172448,-0.9446011498130286,0.3394145750629238,0.253522627902227,0.354135677699324,0.253522627902227,0.28812570081131755,0.3888346267412489,2.85,3,3.14,4.23,5.07,6.07,6.58,1,0.01250004768371582,pr_107,2013-11-26,0.7163947163947164,0.9892280071813285,1,0.75,0.08,0.08,2300679.6,3897885.750000000000,0,1,-0.3335239840395328,-0.010830430774369553,0
2013_12,3,219.0893096923828,300.239990234375,9.1234769821167,109.95870208740234,3.570490837097168,57,-1.1554009290476375,-1.3961844411930255,-1.1259121179629463,-1.3961844411930255,-1.2922329285202385,-1.0489976495972988,0.3149312465036282,0.24753966648394748,0.3243564810189066,0.24753966648394748,0.2746568088428109,0.35028868520598294,2.86,2.85,3.04,4.01,4.66,5.61,6.26,1,0.022222269905937786,pr_108,2013-12-17,0.8860200686826075,0.9977272727272727,1,0.75,0.09,0.09,2284186,3991804.500000000000,0,1,-0.12101567775027929,-0.0022753138371355394,0
2014_1,2.8499999046325684,222.24835205078125,302.4800109863281,8.78973388671875,106.9454574584961,3.4212589263916016,51.29999923706055,-1.0097278836300605,-1.2787809284933511,-0.9734146886965388,-1.2787809284933511,-1.118691637741789,-0.9068835481449458,0.36431810300405004,0.2783764544884702,0.37779079509757,0.2783764544884702,0.3267069661785752,0.4037806281429103,3.23,3.2,3.3,4.98,5.31,6.2,6.69,1,0.006250095367431818,pr_109,2014-01-21,1.0015426860665548,0.9858906525573192,1,0.75,0.07,0.07,2227056.8,4064681.000000000000,0,1,0.0015414973487933752,-0.014209830572652911,0
2014_2,2.700000047683716,227.11964416503906,310.20001220703125,8.431026458740234,104.46107482910156,2.83337664604187,53.20000076293945,-1.0697310596878924,-1.3979063526390605,-1.0188283682273667,-1.3979063526390605,-1.1429067544998104,-0.9619479030540079,0.34310077864226185,0.24711379186329882,0.36101767225684844,0.24711379186329882,0.3188907362382624,0.38214777369200903,2.87,2.83,3.16,4.93,5.08,6.01,6.45,0.7777777777777778,0.03333319028218584,pr_110,2014-02-18,0.9589611448008032,0.9817927170868348,1.0625,0.75,0.07,0.07,2186591,4134488.750000000000,0,1,-0.04190472128989163,-0.01837507530499423,0.06062462181643484
2014_3,2.5999999046325684,225.34182739257812,311.489990234375,8.271369934082031,106.46345520019531,2.694300413131714,53.70000076293945,-1.1560623438024424,-1.4349964628929481,-1.1171648424879168,-1.4349964628929481,-1.217066610936406,-1.071536313740981,0.31472301520166057,0.23811620625570978,0.3272061618117323,0.23811620625570978,0.2960974633038628,0.34248195330753156,2.74,2.75,3.02,4.53,4.84,5.54,5.99,0.7777777777777778,0.022222365273369515,pr_111,2014-03-25,1.3128839082617487,0.9943820224719101,1.2102564102564102,0.75,0.08,0.08,2164569.5,4200543.750000000000,0,1,0.2722261742461694,-0.00563381771825602,0.1908322464618632
2014_4,2.5,222.5383758544922,307.3699951171875,8.06468677520752,107.8446044921875,2.321981430053711,54.900001525878906,-1.2638460574838082,-1.5675350636204977,-1.2182018523898182,-1.5675350636204977,-1.3493615164994817,-1.1572896020447707,0.2825651720489519,0.20855863304726185,0.29576151191832006,0.20855863304726185,0.25940583412732715,0.3143370057023232,2.35,2.45,2.59,4.08,4.38,5.35,5.74,0.7777777777777778,0.022222126854790414,pr_112,2014-04-29,0.8821547964349822,0.984251968503937,1.0588235294117647,0.75,0.09,0.09,2166732.5,4271396.800000000000,0,1,-0.12538773221263913,-0.01587334915629012,0.05715841383994862
2014_5,2.4000000953674316,221.80308532714844,304.5799865722656,8.077703475952148,102.09893035888672,2.503225803375244,55.400001525878906,-1.4324640210747235,-1.581970830139073,-1.4278615846080713,-1.581970830139073,-1.5193024553216425,-1.3844453593833488,0.23871998588974283,0.20556955603207747,0.23982121167509168,0.20556955603207747,0.21886450148659184,0.25046267804857586,2.37,2.36,2.35,3.36,3.66,4.71,5.13,0.7777777777777778,0.022222126854790414,pr_113,2014-05-27,0.9310291753365757,0.9842381786339754,1.0625,0.75,0.09,0.09,2186135.4,4322501.500000000000,0,1,-0.07146466456281193,-0.015887359762319177,0.06062462181643484
2014_6,2.299999952316284,225.0367889404297,305.8699951171875,8.102254867553711,101.69979858398437,2.50193452835083,55.29999923706055,-1.5363755552392953,-1.6420743025846203,-1.5448646588536863,-1.6420743025846203,-1.6015230384048713,-1.5180650177809745,0.21515952370896824,0.19357808602139331,0.21334074304981787,0.19357808602139331,0.2015892558893281,0.21913550027450712,2.23,2.22,2.23,3.07,3.33,4.39,4.82,0.875,0.01250014305114755,pr_114,2014-06-24,1.4211329723646104,0.9924874791318865,1.2340510366826156,0.4,0.1,0.1,2116167.75,4352084.250000000000,0,1,0.35145442134821264,-0.007540881984612797,0.21030228336588516
2014_7,2.0999999046325684,228.8278350830078,309.80999755859375,8.024493217468262,108.44058227539062,2.5238218307495117,57.099998474121094,-1.528556743519462,-1.906456007310743,-1.4644705645002465,-1.906456007310743,-1.6126589843727368,-1.3948475281073367,0.21684840945039804,0.14860611343876814,0.23120036476075181,0.14860611343876814,0.19935682202962585,0.2478708268202659,1.68,1.72,1.89,3.34,3.68,4.73,5.03,0.8888888888888888,0.022222269905937786,pr_115,2014-07-22,1.1316313139568288,0.9913793103448276,1.1394230769230769,0.4,0.09,0.09,2058540.5,4395203.200000000000,0,1,0.1236602323466293,-0.008658062743114541,0.13052206143381317
2014_8,2.0999999046325684,235.7389678955078,313.9100036621094,7.691446304321289,107.22960662841797,2.4415316581726074,59,-1.622537761039742,-2.0159659026445644,-1.5548285476235546,-2.0159659026445644,-1.6708091095492956,-1.499775144896287,0.19739711619321584,0.13319169100757455,0.21122559466673524,0.13319169100757455,0.18809481474244466,0.22318033774486443,1.52,1.52,1.76,3.2,3.52,4.45,4.74,1,0,pr_116,2014-08-26,1.0266756416098521,0.9926144756277696,1.031547619047619,0.4,0.09,0.09,2031970.4,4417173.500000000000,0,1,0.026326050106941914,-0.007412932389125411,0.031060217318301362
2014_9,2.0999999046325684,242.77188110351562,313.20001220703125,7.398449897766113,101.4488296508789,1.4037774801254272,56.599998474121094,-1.624281737445207,-2.099838019171903,-1.5392087587184384,-2.099838019171903,-1.7198969809558824,-1.455417067616308,0.19705316029273268,0.12247626545321585,0.21455079573012928,0.12247626545321585,0.1790845960851252,0.23330304046437128,1.34,1.45,1.58,3.16,3.63,4.63,4.77,1,0,pr_117,2014-09-23,1.450498504145068,0.9906621392190152,1.0138528138528138,0.3,0.09,0.09,2010580,4436408.250000000000,0,1,0.3719072933103087,-0.009381731924976064,0.013757740641823358
2014_10,2.0999999046325684,242.9180145263672,307.8500061035156,7.097197532653809,99.98223876953125,1.4525994062423706,59,-1.7493457922352806,-1.8949837913908945,-1.7449828715755324,-1.8949837913908945,-1.7754855847084974,-1.732086781812595,0.1738876649082307,0.15032077151728032,0.1746479803859321,0.15032077151728032,0.16940117090627985,0.1769148418256489,1.71,1.73,1.7,2.82,3.29,3.9,4.17,1,0,pr_118,2014-10-28,1.0017901567243672,0.9832572298325724,1.0337121212121212,0.3,0.09,0.09,2042186.2,4469678.600000000000,0,1,0.0017885563035364008,-0.016884514702008604,0.033156324567976604
2014_11,2.0999999046325684,246.0631866455078,306.8900146484375,7.164971351623535,104.81852722167969,1.192893385887146,58.70000076293945,-1.8869637495864586,-1.9416286705619161,-1.91112206134511,-1.9416286705619161,-1.8540056202677162,-1.9470232540695898,0.15153119773537357,0.14347009387387527,0.14791432450104622,0.14347009387387527,0.1566085936854864,0.14269821632247387,1.64,1.64,1.68,2.54,2.97,3.52,3.83,1,0,pr_119,2014-11-25,1.0744932842075645,0.9896602658788775,1.0962121212121212,0.3,0.09,0.09,2036237.5,4488542.500000000000,0,1,0.07184918692506938,-0.010393560527263195,0.0918607110510673
2014_12,2.0999999046325684,252.07200622558594,310.8299865722656,7.099999904632568,111.23778533935547,0.8618504405021667,55.5,-1.8625071837826064,-2.0387983324890784,-1.8494396948392957,-2.0387983324890784,-1.776811055003984,-1.895876647829069,0.15528281934187949,0.1301850560744332,0.1573252917956433,0.1301850560744332,0.16917678342854278,0.15018661654811602,1.43,1.54,1.8,2.72,3.15,3.6,3.83,1,0,pr_120,2014-12-16,1.1101060936799478,0.9920289855072464,0.9507575757575758,0.3,0.12,0.12,2089471.5,4496884.800000000000,0,1,0.10445559064862084,-0.008002952862801479,-0.05049616401453223
2015_1,2.0999999046325684,272.3517761230469,316.5,7.400000095367432,109.6292495727539,0.7323232293128967,53.5,-2.215573252617257,-1.9535506613564146,-2.372888124451955,-1.9535506613564146,-2.0091054698751036,-2.651707164775433,0.10909095964224726,0.1417698003165544,0.09321113180529926,0.1417698003165544,0.1341085851984858,0.0705307026929465,1.7,1.54,1.6,2.09,2.38,2.79,2.99,1,0,pr_121,2015-01-27,0.9770565107407213,0.9862433862433863,0.9614718614718615,0.3,0.11,0.11,2176957.6,4507150.250000000000,0,1,-0.02321078752639318,-0.013852112808151558,-0.03928997962141178
2015_2,2.0999999046325684,270.37884521484375,306.8800048828125,7.699999809265137,102.53370666503906,1.0364004373550415,52.900001525878906,-2.1768508938154896,-1.9719452129229647,-2.3052290546691023,-1.9719452129229647,-2.02569832686919,-2.502248110217358,0.11339807152159574,0.13918584660729608,0.09973595305131976,0.13918584660729608,0.13190170051716035,0.08190066977322,1.58,1.6,1.63,2.01,2.47,2.91,3.12,1,0,pr_122,2015-02-24,1.0166795266137372,0.9863945578231292,0.9570075757575758,0.3,0.11,0.11,2156741.75,4496402.250000000000,0,1,0.016541950999477088,-0.013698844358161915,-0.043943971408398556
2015_3,1.9500000476837158,279.9870910644531,303.45001220703125,7.800000190734863,99.15765380859375,0.9838547110557556,51.5,-2.060738408280424,-1.9843991232177798,-2.1324335235743868,-1.9843991232177798,-1.9906341509369572,-2.221587203520449,0.12735989156646052,0.1374631877441075,0.11854845209046624,0.1374631877441075,0.13660876739344638,0.10843686079757674,1.5,1.64,1.63,2.12,2.6,3.28,3.4,1,0.005555412504408164,pr_123,2015-03-24,0.9778102628760523,1.0123893805309734,0.9285714285714286,0.3,0.11,0.11,2171394.25,4488338.250000000000,0,1,-0.022439633007980783,0.012313260233356887,-0.07410797215372185
2015_4,1.7999999523162842,277.7901611328125,299.42999267578125,7.599999904632568,103.7234878540039,1.235501766204834,51.5,-1.9885773277207939,-2.035385770533628,-2.014539654341391,-2.035385770533628,-1.9979224876105806,-2.02561003940733,0.13689003663915034,0.13063007954716757,0.13338179096351585,0.13063007954716757,0.13561673622406598,0.13191334629759469,1.54,1.44,1.5,2.22,2.88,3.44,3.68,1,9.536743172944284e-8,pr_124,2015-04-21,1.4002566274305406,0.988,1.1267857142857143,0.3,0.12,0.12,2346985.25,4482355.600000000000,0,1,0.33665552513037683,-0.012072581234269249,0.11936907881201823
2015_5,1.649999976158142,274.73541259765625,306.3299865722656,7.099999904632568,103.76721954345703,1.2588117122650146,52.79999923706055,-2.068682787714176,-2.1684951502957723,-2.0770016190638616,-2.1684951502957723,-2.0281064965298263,-2.107014481083496,0.1263521046842846,0.11434956641050167,0.12530536270619225,0.11434956641050167,0.1315844410044782,0.12160046553026656,1.31,1.29,1.39,2.23,2.8,3.4,3.5,1,-2.3841857821338408e-8,pr_125,2015-05-26,1.509757220401898,0.9842615012106537,1.1220238095238095,0.3,0.12,0.12,2391650.6,4479564.000000000000,0,1,0.4119488567093557,-0.01586366397316753,0.11513402748480654
2015_6,1.5,278.2127990722656,311.9599914550781,6.900000095367432,97.255889892578125,1.2581781148910522,53.5,-1.9913773976609361,-2.4086570784130625,-1.9156490103610568,-2.4086570784130625,-2.205182176074226,-1.7861901526141313,0.1365072710976814,0.08993599049460667,0.1472462372347387,0.08993599049460667,0.11023044212599674,0.16759747568144617,1.01,1.02,0.99,2.11,2.98,3.88,4.16,1,-2.3841857821338408e-8,pr_126,2015-06-23,1.6398241442939585,0.9961919268849961,1.1223776223776223,0.3,0.13,0.13,2465478.75,4479059.250000000000,0,1,0.4945890069976076,-0.0038153422856522312,0.1154493123101632
2015_7,1.350000023841858,283.3121032714844,311.5299987792969,6.800000190734863,100.53939819335937,1.2810851335525513,52.70000076293945,-2.072703146178047,-2.5462682897435474,-1.9851295830004412,-2.5462682897435474,-2.20662228647273,-1.881749415366693,0.125845143696085,0.07837358850133683,0.13736281307815545,0.07837358850133683,0.11007181236965566,0.15232339564247493,0.88,0.88,0.87,2.22,2.84,3.74,3.98,0.8888888888888888,0.016666642824808786,pr_127,2015-07-21,1.5689472363385406,0.9878706199460916,1.174404761904762,0.3,0.13,0.13,2517184.2,4488001.400000000000,0,1,0.45040484433810407,-0.012203541280729003,0.16076143362531078
2015_8,1.350000023841858,279.746826171875,311.6099853515625,6.699999809265137,107.5932846069336,1.1791269779205322,51.099998474121094,-2.188105051710658,-2.7652685541306474,-2.0801072084991348,-2.7652685541306474,-2.3399538289241417,-1.960805176720985,0.11212902613260618,0.06295918912715959,0.12491681933596323,0.06295918912715959,0.0963320858838607,0.14074505064724221,0.72,0.68,0.7,2.06,2.66,3.64,3.89,1,0,pr_128,2015-08-25,1.2832443244496705,0.9864661654135338,1.045995670995671,0.3,0.14,0.14,2546653.75,4484473.000000000000,0,1,0.24939149965455026,-0.01362625171176511,0.044969227006701466
2015_9,1.350000023841858,279.0660400390625,313.1400146484375,6.400000095367432,109.68363189697266,1.2836647033691406,50.20000076293945,-2.4901793819503757,-3.32490320265746,-2.3397467353556474,-3.32490320265746,-2.7557621552872953,-2.163618347771588,0.08289509535751675,0.03597600096618121,0.09635203770516251,0.03597600096618121,0.06356055818804433,0.11490858867726807,0.39,0.38,0.43,1.55,2.33,3.28,3.76,1,0,pr_129,2015-09-22,1.431782897335223,0.9943859649122807,0.9658119658119658,0.3,0.14,0.14,2594634,4484700.600000000000,0,1,0.35892044903866915,-0.005629853012070459,-0.03478611608541554
2015_10,1.350000023841858,277.0538635253906,311.2699890136719,6.400000095367432,114.14698791503906,1.5071589946746826,50.099998474121094,-2.299026734921404,-2.7652180168238503,-2.210886426866726,-2.7652180168238503,-2.429147342878065,-2.106085870061712,0.10035646965446827,0.06296237099541704,0.10960344999942255,0.06296237099541704,0.08811192982621664,0.12171343750820579,0.74,0.66,0.74,1.83,2.44,3.35,3.8,1,0,pr_130,2015-10-20,1.4322299922299924,0.9901153212520593,1.0867424242424242,0.3,0.12,0.12,2643584.2,4495400.000000000000,0,1,0.35923266474135,-0.009933856524290737,0.08318461984100288
2015_11,1.350000023841858,290.8625183105469,312.2699890136719,6.199999809265137,117.86246490478516,1.3794833421707153,48.599998474121094,-2.2389369646582913,-2.6437769227047934,-2.1644678229089704,-2.6437769227047934,-2.3020829209340063,-2.09431474205329,0.10657173370455784,0.0710922519063887,0.11481101813585687,0.0710922519063887,0.10005022981695369,0.12315460741860389,0.79,0.8,0.95,1.91,2.47,3.29,3.87,1,0,pr_131,2015-11-17,1.3814890282131662,0.9830769230769231,0.961111111111111,0.3,0.12,0.12,2687615,4486380.750000000000,0,1,0.3231619234121683,-0.017067908512147997,-0.039665256392431514
2015_12,1.350000023841858,289.05029296875,314.3999938964844,6.199999809265137,109.94021606445312,1.4325207471847534,48.20000076293945,-2.1928726749808143,-2.5967737496191057,-2.119128417241848,-2.5967737496191057,-2.227500043879194,-2.0634743160260003,0.11159570951491533,0.07451359033575304,0.12013629161395234,0.07451359033575304,0.1077975827876045,0.1270119228748184,0.8,0.87,0.93,2.11,2.55,3.33,3.88,1,0,pr_132,2015-12-15,1.0686674436674437,0.9839307787391842,0.8776223776223776,0.3,0.24,0.24,2744414,4486241.600000000000,0,1,0.06641249259395011,-0.016199731214108632,-0.13053887168806871
2016_1,1.350000023841858,289.7605895996094,314.67999267578125,6.199999809265137,98.315216064453125,1.504136323928833,48.20000076293945,-2.207071379123222,-2.482774812448748,-2.1630215662796872,-2.482774812448748,-2.289555050232103,-2.0982926245158384,0.11002239102590586,0.08351117594334209,0.11497718446256278,0.08351117594334209,0.10131153036845002,0.12266568594635234,0.93,0.95,0.96,1.93,2.44,3.48,3.71,1,0,pr_133,2016-01-26,0.8581945831945832,0.9814356435643564,0.8957219251336899,0.3,0.34,0.34,2785831.4,4489872.500000000000,0,1,-0.15292441826637182,-0.01873883688624741,-0.11012526558946546
2016_2,1.350000023841858,279.7890625,310.3699951171875,6.099999904632568,96.12681579589844,1.3510133028030396,49.5,-2.2785339786022782,-2.4574845453178473,-2.2602181857515804,-2.4574845453178473,-2.298932310149587,-2.237630634458881,0.10243426752053085,0.0856501292368824,0.10432771944944395,0.0856501292368824,0.10036594623862086,0.106711042550565,0.94,0.99,1,1.87,2.32,3.27,3.56,1,0,pr_134,2016-02-23,0.9026390276390276,0.9876237623762376,0.9444444444444444,0.3,0.38,0.38,2831847.5,4485799.500000000000,0,1,-0.10243255339369965,-0.012453461071286625,-0.05715841383994864
2016_3,1.2000000476837158,280.3153076171875,311.1499938964844,6,98.7691421508789,1.2240819931030273,51.79999923706055,-2.483805742350319,-2.427870414855602,-2.542168259087911,-2.427870414855602,-2.470347133826843,-2.578496536313589,0.08342512613822657,0.08822451428435195,0.07869558225785467,0.08822451428435195,0.08455550183149473,0.07588801316909789,1,0.99,0.99,1.51,2.05,2.94,3.23,1,0.0055555317136977145,pr_135,2016-03-22,0.8583333333333333,0.9832335329341317,0.9880952380952381,0.25,0.36,0.36,2879014,4484319.600000000000,0,1,-0.15276275455241028,-0.01690861539842726,-0.01197619104671565
2016_4,1.0499999523162842,274.6802978515625,311.4599914550781,5.800000190734863,99.99996185302734,1.4694894552230835,50.79999923706055,-2.3392364418991765,-2.5246460349697766,-2.317895733456104,-2.5246460349697766,-2.4623985856276307,-2.2429428871105896,0.09640121806666223,0.08008665564572028,0.0984805971500462,0.08008665564572028,0.08523027348819295,0.1061456695634537,0.9,0.9,0.88,1.63,2.25,3.32,3.55,1,0.005555650922987265,pr_136,2016-04-26,0.7085757379875027,0.9807162534435262,0.9791666666666667,0.25,0.37,0.37,2968989.2,4487148.500000000000,0,1,-0.3444983264997701,-0.019472103412820296,-0.021053409197832267
2016_5,0.8999999761581421,278.11865234375,314.5799865722656,5.5,103.47125244140625,1.2680258750915527,51.29999923706055,-2.2432370419293175,-2.519362354656013,-2.199077875651527,-2.519362354656013,-2.311805645023713,-2.1406213078704024,0.1061144508950505,0.08051092780373204,0.11090537977573131,0.08051092780373204,0.09908218269077775,0.11758176584588184,0.88,0.93,1,1.84,2.48,3.41,3.61,0.8888888888888888,0.016666642824808786,pr_137,2016-05-24,1.0888927738927738,0.9861495844875346,1.0833333333333333,0.25,0.37,0.37,3043052.75,4472633.250000000000,0,1,0.08516137619465272,-0.01394722748085044,0.08004270767353636
2016_6,0.8999999761581421,279.61529541015625,313.9800109863281,5.099999904632568,104.768310546875,1.2425447702407837,53.20000076293945,-2.3802601462977035,-2.5408896217512447,-2.366562679162712,-2.5408896217512447,-2.358577374221515,-2.368579959207172,0.092526503951713,0.07879626972521986,0.09380260240521984,0.07879626972521986,0.09455464343200724,0.09361356702002982,0.85,0.92,0.92,1.81,2.26,3.12,3.39,1,0,pr_138,2016-06-21,1.4922573015220073,0.9857142857142858,1.0666666666666667,0.25,0.38,0.38,3103290.25,4469248.600000000000,0,1,0.40028994101629173,-0.014388737452099556,0.06453852113757116
2016_7,0.8999999761581421,283.9913330078125,314.3500061035156,5,101.52550506591797,1.240079402923584,52.599998474121094,-2.805804869490978,-3.0736334959491654,-2.7575594302298914,-3.0736334959491654,-2.75538488485517,-2.7501968639393874,0.060458090711802824,0.04625278984133683,0.06344642498457162,0.04625278984133683,0.06358454223124876,0.06391527735480777,0.5,0.51,0.61,1.38,1.95,2.81,3.1,1,0,pr_139,2016-07-26,1.408144959615548,0.9866131191432397,1.0625,0.25,0.39,0.39,3253972.4,4472069.500000000000,0,1,0.3422732067088295,-0.013477292943480646,0.06062462181643484
2016_8,0.8999999761581421,276.6767883300781,310.2099914550781,4.900000095367432,101.42777252197266,1.239771842956543,49.400001525878906,-2.7784019406014924,-3.101857329262311,-2.7165172004503817,-3.101857329262311,-2.775781000501454,-2.6766880511383038,0.06213772785613567,0.044965608846110235,0.06610458298253007,0.044965608846110235,0.062300800727563006,0.0687906082649128,0.47,0.51,0.61,1.35,1.94,2.85,3.2,1,0,pr_140,2016-08-23,1.5727691426220838,0.9917582417582418,1.1180555555555556,0.25,0.4,0.4,3306629.25,4466789.000000000000,0,1,0.45283785082746036,-0.00827590930385971,0.11159106540846239
2016_9,0.8999999761581421,275.3121643066406,308.67999267578125,4.900000095367432,105.16497802734375,1.4165010452270508,51.5,-2.8096295265588114,-2.9600512131153143,-2.7924644039941446,-2.9600512131153143,-2.861406757963683,-2.7455774132191335,0.060227300875176935,0.05181626343249895,0.061270033591313014,0.05181626343249895,0.057188253620852045,0.06421121383455505,0.54,0.6,0.6,1.24,1.8,2.87,3.16,1,0,pr_141,2016-09-20,1.7212179160708572,0.9881720430107527,1.075,0.25,0.4,0.4,3380487.4,4466515.750000000000,0,1,0.5430321309862659,-0.011898463791614584,0.07232066157962608
2016_10,0.8999999761581421,278.43280029296875,307,4.699999809265137,109.07966613769531,1.4600346088409424,51.900001525878906,-2.8539345883569243,-3.3988169516961277,-2.7436885936520716,-3.3988169516961277,-3.0175347788904276,-2.609043533125128,0.057617174440305924,0.033412775514629144,0.06433261184504734,0.033412775514629144,0.04892167256781411,0.07360491076481396,0.4,0.31,0.47,1.17,1.8,2.98,3.31,1,0,pr_142,2016-10-25,1.7911565448330153,0.994061757719715,1.0769230769230769,0.25,0.4,0.4,3480759.25,4459703.250000000000,0,1,0.5828615256424525,-0.005955943752851427,0.074107972153721835
2016_11,0.8999999761581421,285.9709167480469,308.82000732421875,4.5,111.0201644897461,1.5586342811584473,53.20000076293945,-2.6265991673033233,-3.628750113849526,-2.4540743240902763,-3.628750113849526,-3.0890933139742236,-2.2162329616155394,0.07232400632038785,0.026549347341177854,0.08594271373112321,0.026549347341177854,0.04554322909959273,0.10901901508838405,0.25,0.3,0.45,1.11,2.04,3.38,3.72,1,0,pr_143,2016-11-22,1.502931627196333,0.9936467598475223,1,0.25,0.41,0.41,3543076,4454779.200000000000,0,1,0.40741761884875904,-0.006373507872092118,0
2016_12,0.8999999761581421,296.1585998535156,312.239990234375,4.400000095367432,169.8654022216797,1.7343904972076416,54.70000076293945,-2.975987684662818,-4.711332161819729,-2.742565550333228,-4.711332161819729,-3.8646902594801826,-2.4137371750103678,0.05099704012723864,0.008992789748186484,0.06440490073914576,0.008992789748186484,0.020969416509230968,0.08948026551885768,0.06,0.08,0.15,0.82,1.67,3.16,3.66,1,0,pr_144,2016-12-20,2.0318375524257877,0.9966178128523112,1,0.25,0.54,0.54,3635298.8,4460032.750000000000,0,1,0.7089405818481412,-0.003387919671936003,0
2017_1,0.8999999761581421,291.1155090332031,308.989990234375,4.300000190734863,95.19451141357422,1.555939793586731,56,-2.59058815668103,-4.664891864736434,-2.3498106585464504,-4.664891864736434,-3.0240409485945485,-2.104675624648278,0.07497592952077285,0.009420266831472072,0.09538722126095633,0.009420266831472072,0.048604413055131954,0.12188520441348287,0.06,0.09,0.23,1.39,2.11,3.47,3.93,1,0,pr_145,2017-01-24,1.8385415317341312,0.9957850368809273,1,0.25,0.65,0.65,3707582.5,4454801.500000000000,0,1,0.608972611514445,-0.0042238711161850595,0
2017_2,0.8999999761581421,289.86187744140625,308.5,4.400000095367432,98.26531219482422,1.802024245262146,57.70000076293945,-2.57581411169063,-4.497668721898216,-2.3411079448130097,-4.497668721898216,-2.9388144540944356,-2.114376055693428,0.07609185031087005,0.011134924909984256,0.09622097162463389,0.011134924909984256,0.05292844065318249,0.12070858149390425,0.09,0.1,0.21,1.51,2.17,3.41,3.91,1,0,pr_146,2017-02-28,1.7384970092631384,0.9989451476793249,1,0.25,0.66,0.66,3779144,4458373.750000000000,0,1,0.5530209521669962,-0.0010554090689436032,0
2017_3,0.8999999761581421,289.8549499511719,309.7099914550781,4.5,107.1824951171875,1.9002960920333862,57.20000076293945,-2.735824499404819,-4.7111527017888415,-2.4964593099595898,-4.7111527017888415,-3.4348612845145055,-2.1998007443396026,0.06484052408502422,0.008994403739331577,0.08237615129751016,0.008994403739331577,0.03222988070539717,0.1108252387185724,0.07,0.07,0.09,1.14,2.15,3.29,3.77,1,0,pr_147,2017-03-28,1.9625779967159278,1.00278293135436,1.0769230769230769,0.25,0.79,0.79,3898975.2,4467057.800000000000,0,1,0.6742589134341899,0.002779066170265807,0.074107972153721835
2017_4,0.8999999761581421,290.5623474121094,311.57000732421875,4.599999904632568,108.29622650146484,1.8654884099960327,54.79999923706055,-2.804119950405732,-4.620189840091384,-2.5701726062829566,-4.620189840091384,-3.6268581022721023,-2.2541823564822763,0.06056004356973881,0.009850925783015123,0.07652233604794527,0.009850925783015123,0.02659962656315671,0.10495932797518781,0.08,0.08,0.12,0.98,2.05,3.24,3.73,1,0,pr_148,2017-04-25,1.4824625566004876,0.9980314960629921,1.0833333333333333,0.25,0.9,0.9,4133444.75,4477134.500000000000,0,1,0.3937045946402507,-0.001970443987298725,0.08004270767353636
2017_5,0.8999999761581421,280.13201904296875,309.7699890136719,4.400000095367432,109.97802734375,2.1360175609588623,54.900001525878906,-2.986112677305343,-4.620349013140913,-2.757841437065369,-4.620349013140913,-3.9687427045211354,-2.4183760892493593,0.05048330066414808,0.009849357905902748,0.06342853518168126,0.009849357905902748,0.018897177541042143,0.08906613554041684,0.07,0.09,0.12,0.8,1.82,3.04,3.65,1,0,pr_149,2017-05-23,1.8102351839193944,1.0028818443804035,1.0909090909090908,0.25,0.91,0.91,4177198,4468515.800000000000,0,1,0.5934567727038695,0.0028776998276151956,0.0870113769896297
2017_6,0.8999999761581421,274.5391540527344,308.2799987792969,4.300000190734863,112.01640319824219,2.3809523582458496,57.79999923706055,-3.0205951322666977,-4.711506525265388,-2.7884639142235974,-4.711506525265388,-4.165707335026761,-2.430328498154001,0.048772183822864065,0.008991221871074111,0.061515634668686765,0.008991221871074111,0.015518734072820757,0.08800791739493802,0.05,0.09,0.1,0.74,1.76,3.09,3.62,1,0,pr_150,2017-06-20,1.7759131684054283,1.0016326530612245,1.2409090909090907,0.25,1.04,1.04,4222254.6,4469079.000000000000,0,1,0.5743147517111318,0.0016313217320840971,0.21584424883259806
2017_7,0.8999999761581421,266.4494934082031,306.7099914550781,4.199999809265137,109.29351806640625,2.572268486022949,56.29999923706055,-2.9475217510540057,-4.537112929264317,-2.722303133836273,-4.537112929264317,-3.9221815429769036,-2.384781480299298,0.052469577630242424,0.010704265958441204,0.06572321063033727,0.010704265958441204,0.019797857722335055,0.09210910503436093,0.07,0.11,0.1,0.84,1.83,3.1,3.67,1,0,pr_151,2017-07-28,2.0229560830180024,1.0026857654431514,1.1254901960784314,0.25,1.15,1.15,4232005,4469040.250000000000,0,1,0.7045598491106219,0.0026821652199395755,0.11821867060119497
2017_8,0.8999999761581421,257.7877502441406,304.3699951171875,4.199999809265137,114.2354736328125,2.7675728797912598,58.79999923706055,-3.140744195483552,-4.620676802160107,-2.9179318413528272,-4.620676802160107,-4.445195608806348,-2.543594741311194,0.04325059902186837,0.009846129923612565,0.05404534614642449,0.009846129923612565,0.011734810374174441,0.07858340443756827,0.05,0.11,0.07,0.68,1.64,2.95,3.58,1,0,pr_152,2017-08-22,2.0465932606245674,1.005089058524173,1.1254901960784314,0.25,1.16,1.16,4261758.5,4462999.400000000000,0,1,0.7161765867033877,0.005076153031860568,0.11821867060119497
2017_9,0.8999999761581421,258.8082275390625,308.3699951171875,4.099999904632568,118.2136001586914,2.8914482593536377,60.79999923706055,-3.988339081656531,-6.907755278982137,-3.677455003724995,-6.907755278982137,-6.907755278982137,-3.203227493886669,0.01853046616559874,0.001,0.025287248966247428,0.001,0.001,0.04063085629016685,-0.04,-0.03,-0.04,0.51,1.21,2.58,3.21,1,0,pr_153,2017-09-19,1.652689950595961,0.9971883786316776,1.1916666666666667,0.25,1.15,1.15,4307842.6,4459721.250000000000,0,1,0.5024042335483233,-0.0028155814001636324,0.17535288747786126
2017_10,0.8999999761581421,263.652587890625,309.95001220703125,4,113.70713806152344,2.682926893234253,58.70000076293945,-4.035105002910969,-7.064462696813892,-3.735093662109563,-7.064462696813892,-6.424144078053411,-3.282454710792588,0.0176838231627794,8.549541665711722e-4,0.023870935161894286,8.549541665711722e-4,0.0016219209216997263,0.037536003592889194,-0.04,-0.01,0,0.51,1.22,2.48,3.21,1,0,pr_154,2017-10-24,1.5730645035792095,1.000935453695042,1.1916666666666667,0.25,1.15,1.15,4360984.25,4462669.250000000000,0,1,0.4530256299608867,9.350164309066464e-4,0.17535288747786126
2017_11,0.8999999761581421,265.70965576171875,311.8900146484375,3.799999952316284,110.27459716796875,2.6309378147125244,58.20000076293945,-5.533658458015579,-5.964000268857621,-5.237036226762255,-5.964000268857621,-5.576993792201324,-4.893523836653224,0.003951506193205285,0.0025696122450833566,0.005315988896848579,0.0025696122450833566,0.003783923698646317,0.007494964854336171,-0.01,0,-0.01,0.57,1.09,2.13,2.82,1,0,pr_155,2017-11-21,1.7981399112633127,0.9982698961937716,1.2333333333333334,0.25,1.16,1.16,4400067.5,4450387.000000000000,0,1,0.5867527479626664,-0.001731602164277935,0.2097205309820691
2017_12,0.8999999761581421,264.5826416015625,313.1600036621094,3.799999952316284,113.73529052734375,2.654651641845703,59.70000076293945,-6.907755278982137,-5.810113685162889,-6.907755278982137,-5.810113685162889,-6.018697091960778,-6.907755278982137,0.001,0.0029970893283689424,0.001,0.0029970893283689424,0.0024328372942348754,0.001,-0.01,0.01,0.02,0.51,1.09,2.02,2.72,1,0,pr_156,2017-12-19,2.1468079700706904,1.0015698587127158,1.2333333333333334,0.25,1.3,1.3,4465614.6,4446506.000000000000,0,1,0.7639820738489026,0.001568627772626434,0.2097205309820691
2018_1,0.8999999761581421,253.5,309.2699890136719,3.799999952316284,121.828125,2.5291829109191895,59.099998474121094,-4.937007832644538,-6.147438684772301,-4.6418564036338745,-6.147438684772301,-5.582942051852924,-4.259644597257717,0.007176038187767615,0.0021389532935403048,0.009639785673619393,0.0021389532935403048,0.0037614827464568755,0.014127322407175395,-0.03,0.01,0,0.56,1.24,2.31,2.73,1,0,pr_157,2018-01-30,2.2254751648134,1.0044762757385854,1.2666666666666666,0.25,1.41,1.41,4478950.25,4437893.400000000000,0,1,0.7999704500376122,0.004466287013440864,0.23638877806423034
2018_2,0.8999999761581421,252.46194458007812,311.739990234375,3.799999952316284,119.62779998779297,2.424830198287964,60.70000076293945,-3.804257852770429,-6.656519539708289,-3.520225766656978,-6.656519539708289,-4.1217628766712915,-3.269400705675116,0.02227572289907145,0.0012856131181142238,0.029592753356659188,0.0012856131181142238,0.01621590259339371,0.03802921093766742,-0.02,-0.02,-0.02,0.87,1.44,2.58,2.98,1,0,pr_158,2018-02-27,1.954479493817729,1.0058479532163742,1.2666666666666666,0.25,1.42,1.42,4500286,4415167.250000000000,0,1,0.6701239144167231,0.005830920310793144,0.23638877806423034
2018_3,0.8999999761581421,253.0723114013672,312.19000244140625,3.9000000953674316,115.4482421875,2.397675037384033,59.29999923706055,-4.254583899090976,-5.963390293955321,-3.9838940006135557,-5.963390293955321,-4.155635834143484,-3.8456107189224435,0.014198997732404838,0.0025711801221957307,0.01861301893040567,0.0025711801221957307,0.015675820738146846,0.021373344468553317,0,-0.01,0.03,0.81,1.24,2.39,2.85,1,0,pr_159,2018-03-27,2.183058656742867,1.0042265426880812,1.2666666666666666,0.25,1.51,1.51,4530147.2,4399193.750000000000,0,1,0.780726946992834,0.004217635944203513,0.23638877806423034
2018_4,0.8999999761581421,253.92636108398438,311.7200012207031,3.799999952316284,114.44096374511719,2.457831382751465,57.900001525878906,-3.518608911022121,-5.35803904529638,-3.267076937623478,-5.35803904529638,-4.369471263636174,-2.9279883766898522,0.029640639268546033,0.004710133415736036,0.038117684759581306,0.004710133415736036,0.012657931507656796,0.05350456098328781,0.01,0.03,0.04,0.73,1.27,2.52,3.56,1,0,pr_160,2018-04-24,2.1257398919163624,1.0024077046548956,1.1916666666666667,0.25,1.69,1.69,4544491.75,4382144.250000000000,0,1,0.7541199262054772,0.0024048107781791494,0.17535288747786126
2018_5,0.8999999761581421,268.3118896484375,316.92999267578125,3.700000047683716,116.67666625976562,2.379807710647583,58.70000076293945,-2.779075554156645,-4.2002573536698495,-2.5672366829048308,-4.2002573536698495,-3.2398998819977516,-2.3178604821796385,0.06209588513485971,0.01499171815029421,0.07674732988401495,0.01499171815029421,0.0391678163062131,0.09848406877799211,0.15,0.13,0.24,1.16,1.65,3.15,3.92,1,0,pr_161,2018-05-22,1.9624579124579125,0.9984709480122325,1.1777777777777778,0.25,1.7,1.7,4559713.25,4343353.000000000000,0,1,0.6741977245631418,-0.0015302221807675935,0.16362942378180212
2018_6,0.8999999761581421,276.3315734863281,322.70001220703125,3.5999999046325684,121.99651336669922,2.4214816093444824,60,-2.329996458719531,-3.7134653184163695,-2.1277753960636567,-3.7134653184163695,-2.475724294766725,-1.9746794524837354,0.09729609164167172,0.02439284765818877,0.11910195403699506,0.02439284765818877,0.08410205351466093,0.13880579896662182,0.13,0.37,0.62,1.85,2.28,3.59,4.15,1,0,pr_162,2018-06-19,3.1170243784581353,1.0062464508801816,1.3722222222222222,0.25,1.82,1.82,4580302.4,4316371.000000000000,0,1,1.136878821883308,0.006227022668820012,0.3164314857377668
2018_7,0.8999999761581421,277.7682800292969,324.6000061035156,3.5999999046325684,114.9277572631836,2.4599952697753906,58.400001525878906,-2.497704288554946,-3.844487153233443,-2.2971737157890657,-3.844487153233443,-2.737151528609357,-2.1151049433116724,0.08227365856624365,0.02139737232096492,0.10054260451526044,0.02139737232096492,0.06475453588297234,0.1206206305605046,0.11,0.32,0.47,1.54,2.65,3.23,3.73,1,0,pr_163,2018-07-24,2.3927974015435316,1,1.2222222222222223,0.25,1.91,1.91,4602025.5,4287565.250000000000,0,1,0.8724631423849722,0,0.20067069546215124
2018_8,0.8999999761581421,279.6952209472656,323.0199890136719,3.700000047683716,103.315673828125,2.2640609741210938,60.79999923706055,-2.366737828660294,-3.786141192159109,-2.1621942603250948,-3.786141192159109,-2.63255603950731,-1.9724621565546883,0.09378617436526017,0.022682962382062785,0.11507234512997672,0.022682962382062785,0.07189446209765059,0.13911391396442907,0.13,0.33,0.53,1.65,2.84,3.46,3.88,1,0,pr_164,2018-08-21,2.333973872131767,1,1.2222222222222223,0.25,1.91,1.91,4613038,4238067.800000000000,0,1,0.8475723393423087,0,0.20067069546215124
2018_9,0.8999999761581421,278.6002197265625,324.82000732421875,3.799999952316284,101.24857330322266,2.3577041625976562,59.5,-2.3485914704633437,-4.29002832177377,-2.116530537256056,-4.29002832177377,-2.646450248406044,-1.9110338474611168,0.0955035871459344,0.013704537155067613,0.12044879703153066,0.013704537155067613,0.07090245297242756,0.1479273731736373,0.12,0.13,0.4,1.75,2.97,3.54,3.95,1,0,pr_165,2018-09-18,2.0115481292900648,0.9992169146436962,1.2,0.25,1.95,1.95,4634604.75,4205069.000000000000,0,1,0.6989046391858702,-7.833921278040449e-4,0.1823215567939546
2018_10,0.8999999761581421,281.9923400878906,323.8399963378906,3.700000047683716,105.96333312988281,2.589073657989502,57.5,-2.331609581685914,-5.810113685162889,-2.0684052266933177,-5.810113685162889,-2.8197976576951604,-1.8110984701935702,0.09713926760394057,0.0029970893283689424,0.12638717997098933,0.0029970893283689424,0.05961800473305694,0.16347446631077828,-0.01,0.01,0.28,1.6,3.06,3.66,4.19,1,0,pr_166,2018-10-16,2.2047498836760298,1.0025619128949617,1.2,0.25,2.19,2.19,4627752,4167971.400000000000,0,1,0.7906140710255347,0.002558636790324504,0.1823215567939546
2018_11,0.8999999761581421,283.56646728515625,322.3299865722656,3.5999999046325684,104.70076751708984,2.634702205657959,58.79999923706055,-2.640995967191907,-5.67632268289366,-2.37959456106173,-5.67632268289366,-3.1086008444478934,-2.12388091864966,0.0712902314548165,0.003426134288766903,0.09258810872601933,0.003426134288766903,0.04466340269115955,0.11956669828755247,0,0.01,0.27,1.26,2.61,3.14,3.81,1,0,pr_167,2018-11-20,1.5532412032412033,1.000956937799043,1.0523809523809524,0.25,2.2,2.2,4638775.6,4122799.000000000000,0,1,0.4403438464923555,9.564802259568144e-4,0.05105517080028417
2018_12,0.8999999761581421,283.503173828125,322.739990234375,3.5999999046325684,101.26646423339844,2.8232502937316895,54.29999923706055,-2.679996744171169,-4.812404712497587,-2.4374604967109477,-4.812404712497587,-3.0493538025136635,-2.2067455203473725,0.06856337738453534,0.008128289976842916,0.08738247802252812,0.008128289976842916,0.04738953749902951,0.11005824862950171,0,0.12,0.39,1.21,2.46,3.01,3.78,1,0,pr_168,2018-12-18,2.285274373253913,0.9919928825622776,0.9575396825396826,0.25,2.27,2.27,4668755.75,4083567.000000000000,0,1,0.8264860929599249,-0.008039346559417253,-0.043388114880437215
