date_match,log_total,log_in_year,log_out_year,log_short_term,log_medium_term,log_long_term,total_resc,in_year_resc,out_year_resc,short_term_resc,medium_term_resc,long_term_resc,r3m,r6m,r1y,r3y,r5y,r10y,r15y
2005-01,-0.44504591731426885,-0.30799612814344496,-0.549176207679741,-0.30799612814344496,-0.39657957344443023,-0.6549548566733352,0.6407948517781916,0.7349181635012688,0.5774252930260391,0.7349181635012688,0.6726167521399476,0.5194655124590616,8.62,8.47,8.38,8.25,7.98,7.23,6.95
2005-02,-0.5939283704005035,-0.46000692655725317,-0.6961818501540634,-0.46000692655725317,-0.5641413506818479,-0.7866770628404767,0.5521539534570153,0.6312792728997559,0.4984849651806816,0.6312792728997559,0.5688483783899009,0.455355401451945,7.42,7.25,7.14,7,6.9,6.62,6.56
2005-03,-0.5744717402024905,-0.46546427270433416,-0.6660310769036011,-0.46546427270433416,-0.5421334370573262,-0.7511087953808124,0.5630022016946004,0.6278435468921839,0.5137435454232789,0.6278435468921839,0.5815063209196364,0.4718430851521379,7.32,7.27,7.22,7.22,7.16,6.78,6.67
2005-04,-0.5350102114996577,-0.4432100350895419,-0.6194185229506436,-0.4432100350895419,-0.502640832909304,-0.6997787968285554,0.5856633096135732,0.6419723562052634,0.5382573309002866,0.6419723562052634,0.6049310266973703,0.4966951621855656,7.46,7.46,7.46,7.54,7.44,7.06,6.88
2005-05,-0.5570321779621495,-0.4716337878734229,-0.6387064223343178,-0.4716337878734229,-0.5270263178616021,-0.7154621856710351,0.5729068287826635,0.6239819808494879,0.5279749591069551,0.6239819808494879,0.5903578987985361,0.488966066453359,7.23,7.27,7.28,7.37,7.24,7,6.87
2005-06,-0.6970981059525381,-0.5810404506435956,-0.7913968660024273,-0.5810404506435956,-0.6632085380346303,-0.8789240381555432,0.4980284346222071,0.5593161228999842,0.453211277490192,0.5593161228999842,0.5151956549025963,0.41522944245023935,6.49,6.5,6.45,6.4,6.36,6.25,6.21
2005-07,-0.7403931843000324,-0.6137252433461983,-0.8392884898014105,-0.6137252433461983,-0.6953278057166515,-0.9377888542646715,0.47692635869474054,0.5413305203465949,0.43201779917128696,0.5413305203465949,0.49891087533954065,0.3914925260570486,6.29,6.28,6.27,6.19,6.13,6.02,5.95
2005-08,-0.8503322390745818,-0.7013118931422804,-0.9589456422311082,-0.7013118931422804,-0.7945860640198346,-1.0717773504472081,0.4272729515942904,0.4959342640774498,0.3832968049642366,0.4959342640774498,0.45176819933667367,0.3423994125336418,5.76,5.75,5.73,5.6,5.56,5.52,5.5
2005-09,-0.7477895471784427,-0.6615252793756731,-0.8293681915199469,-0.6615252793756731,-0.7217713894009365,-0.9028341390601733,0.473411851586602,0.5160635927267656,0.43632487300819,0.5160635927267656,0.4858907913927441,0.4054190160994878,6,5.98,5.97,6.17,6.18,6.18,6.14
2005-10,-0.6609697085486896,-0.6192949038786261,-0.7249463337582346,-0.6192949038786261,-0.6385112657448098,-0.7848396215240789,0.5163503822623259,0.5383238738849454,0.48435056153222866,0.5383238738849454,0.5280780069542262,0.4561928594345485,6.2,6.3,6.43,6.72,6.75,6.73,6.59
2005-11,-0.6660549236566967,-0.6353279366144832,-0.725860090252985,-0.6353279366144832,-0.6376588174633961,-0.7868998970760953,0.5137312944538702,0.5297617315597938,0.4839081852037944,0.5297617315597938,0.5285283580669514,0.4552539439836461,6.12,6.18,6.42,6.74,6.74,6.71,6.59
2005-12,-0.6416952962227263,-0.6483713469995682,-0.6876127346519691,-0.6483713469995682,-0.6192918254153754,-0.7361106329975595,0.5263992644872207,0.5228967009237055,0.5027748946231481,0.5228967009237055,0.5383255310977589,0.47897320001653987,5.96,6.18,6.44,6.95,6.96,6.97,6.83
2006-01,-0.6462566985141186,-0.6459005303460583,-0.6945945589411022,-0.6459005303460583,-0.6379589973191021,-0.7357768385095763,0.5240036135934755,0.5241902802409717,0.49927683428288094,0.5241902802409717,0.5283697283106102,0.4791331053168663,6.03,6.14,6.3,6.85,6.92,6.95,6.88
2006-02,-0.6691335280263465,-0.6640412575270137,-0.7192883712677463,-0.6640412575270137,-0.6466933526938646,-0.7704520832418212,0.5121521510720307,0.5147668200127339,0.4870987661294752,0.5147668200127339,0.5237748551731928,0.46280379517030457,5.91,6.04,6.25,6.79,6.81,6.8,6.66
2006-03,-0.5993792197526551,-0.5941818073211798,-0.6497765635958701,-0.5941818073211798,-0.5680735512647579,-0.7068631141221954,0.549152433286365,0.5520140349903135,0.5221624338243988,0.5520140349903135,0.5666159445301987,0.49318885063462603,6.27,6.55,6.8,7.27,7.16,7.11,6.94
2006-04,-0.645328001120309,-0.6232880449256849,-0.7019045548550442,-0.6232880449256849,-0.6143234604707469,-0.7625675611082583,0.5244904804247525,0.5361785568548901,0.4956404299078152,0.5361785568548901,0.54100678400125,0.46646720507688766,6.15,6.3,6.58,6.88,6.84,6.84,6.7
2006-05,-0.6511473481238609,-0.6313075061715514,-0.7068492818583784,-0.6313075061715514,-0.6224346776748173,-0.7655479198565055,0.5214471519996478,0.5318958889939316,0.49319567260010116,0.5318958889939316,0.5366363093636483,0.46507903511125614,6.1,6.25,6.43,6.92,6.84,6.81,6.69
2006-06,-0.4552605398083199,-0.5051782054798488,-0.48672156437444464,-0.5051782054798488,-0.3925725685573038,-0.5524659304802735,0.6342826905278787,0.6033980370086325,0.6146381462782504,0.6033980370086325,0.6753173377694408,0.5755288449784816,6.82,7.2,8.13,8.55,8.39,7.94,7.51
2006-07,-0.5237403678028326,-0.506574871882887,-0.5789531427849364,-0.506574871882887,-0.4677014060268919,-0.6557389365135833,0.592300976049833,0.6025558794861403,0.5604848071163472,0.6025558794861403,0.6264405471060055,0.5190583696601273,6.9,7.1,7.6,7.91,7.71,7.24,7.12
2006-08,-0.4562207509610869,-0.4052713326613463,-0.5242990580677145,-0.4052713326613463,-0.4190345335123306,-0.597115440089625,0.6336739375269099,0.6667958628149951,0.5919701556822984,0.6667958628149951,0.6576814828240523,0.5503970015794346,7.65,7.85,7.98,8.28,7.99,7.6,7.43
2006-09,-0.43015907036273104,-0.3643656359949259,-0.5042447300862435,-0.3643656359949259,-0.37944977174953554,-0.5902980986639649,0.6504056262352622,0.6946371639537858,0.603961557203928,0.6946371639537858,0.6842377926180024,0.5541620651386223,8,8.15,8.35,8.55,8.06,7.6,7.48
2006-10,-0.46774509383094137,-0.35209903311556506,-0.5624619352738834,-0.35209903311556506,-0.4149296765103351,-0.6641832412721199,0.626413179891946,0.7032104774033631,0.5698045137708834,0.7032104774033631,0.6603867197707478,0.5146937366802175,8.15,8.2,8.3,8.04,7.6,7.22,7.1
2006-11,-0.5090037559108332,-0.36620887536520264,-0.6155627226763476,-0.36620887536520264,-0.45285093001884225,-0.7282344036848035,0.6010941170788293,0.6933579606862192,0.5403367500005221,0.6933579606862192,0.6358129071803861,0.4827605984043878,8.02,8.1,8,7.75,7.29,6.9,6.76
2006-12,-0.530636202589499,-0.379261303496792,-0.6411354221274254,-0.379261303496792,-0.4649678214074062,-0.763813059602256,0.5882306167672263,0.6843667618721615,0.5266940643168859,0.6843667618721615,0.628155318018493,0.4658865825327756,7.93,7.98,7.98,7.59,7.21,6.71,6.54
2007-01,-0.4915278776608576,-0.3612819627704792,-0.5927077027036202,-0.3612819627704792,-0.426318073457498,-0.7083489588771331,0.6116910906988893,0.6967825040408574,0.5528283614820114,0.6967825040408574,0.652908636182213,0.49245659271323194,8.05,8.15,8.2,7.96,7.55,7.05,6.7
2007-02,-0.5027076967792843,-0.36435411812773477,-0.6074579435758843,-0.36435411812773477,-0.4380810396937233,-0.7252590522686424,0.6048905800200799,0.6946451647384622,0.5447338547107965,0.6946451647384622,0.6452734879725094,0.4841991198266576,8.05,8.1,8.17,7.81,7.46,7,6.59
2007-03,-0.564504789250216,-0.4129578291401013,-0.6748647261194267,-0.4129578291401013,-0.5170399771624237,-0.7839726260414351,0.5686416745139959,0.66169018628363,0.509225300831126,0.66169018628363,0.5962829494571119,0.4565885480882443,7.8,7.58,7.5,7.3,7.07,6.68,6.42
2007-04,-0.5900426185702025,-0.42927707577520663,-0.7044632371544667,-0.42927707577520663,-0.549283482752584,-0.8113445848309793,0.5543036606016244,0.6509795335316575,0.494373864573085,0.6509795335316575,0.5773633530080376,0.4442603187662965,7.65,7.48,7.35,7,6.8,6.55,6.4
2007-05,-0.5951994754674507,-0.43127357979207764,-0.7110901519046791,-0.43127357979207764,-0.5542897470306134,-0.8192249343500723,0.5514525536399101,0.6496811468264807,0.4911085226391933,0.6496811468264807,0.5744801425569204,0.4407731502762728,7.55,7.55,7.3,6.98,6.81,6.54,6.31
2007-06,-0.6001162112092951,-0.45126010841748515,-0.709020276289974,-0.45126010841748515,-0.5703362916194604,-0.8040450844642376,0.5487478617358401,0.636825177044453,0.49212610896963266,0.636825177044453,0.5653352892085429,0.4475150616728002,7.35,7.45,7.18,6.88,6.75,6.63,6.45
2007-07,-0.6007397523737525,-0.4607020423837702,-0.7057148182101141,-0.4607020423837702,-0.5685461828440548,-0.7998071460984576,0.5484058015105383,0.6308406131635366,0.49375550265552864,0.6308406131635366,0.5663482072170191,0.4494156273174271,7.35,7.31,7.11,6.97,6.79,6.7,6.41
2007-08,-0.5793364386824358,-0.4458795606927159,-0.6814878072850086,-0.4458795606927159,-0.5438381847397352,-0.7760371275084406,0.5602700167559304,0.6402608799950086,0.505863804351882,0.6402608799950086,0.5805158438633496,0.4602262201230166,7.45,7.43,7.28,7.14,6.99,6.75,6.51
2007-09,-0.6019466177856577,-0.4613798663903623,-0.7071960038958686,-0.4613798663903623,-0.5628743542658177,-0.8062429769433946,0.5477443487395277,0.6304131591372674,0.4930247004332377,0.6304131591372674,0.5695695640199143,0.4465325518054842,7.35,7.3,7.2,6.96,6.74,6.62,6.44
2007-10,-0.6118783580353865,-0.4757475398297969,-0.7151257909326001,-0.4757475398297969,-0.5744496375872304,-0.8116246054255213,0.5423312195367871,0.6214203463320644,0.48913057973453694,0.6214203463320644,0.5630146456531765,0.44413593414364494,7.25,7.19,7.07,6.93,6.74,6.56,6.43
2007-11,-0.5683219479368262,-0.457995222137163,-0.6604828409745855,-0.457995222137163,-0.5306189473688374,-0.7497223691968905,0.566475216494148,0.6325504984396625,0.5166018377281149,0.6325504984396625,0.5882407669038897,0.47249771445283745,7.35,7.35,7.27,7.33,7.15,6.83,6.65
2007-12,-0.5378211706247044,-0.44387861756498204,-0.6231297308139605,-0.44387861756498204,-0.5033855952741385,-0.7054849353649412,0.5840193456294714,0.641543288187849,0.5362634482064165,0.641543288187849,0.6044806645625665,0.49386902162283053,7.45,7.46,7.47,7.52,7.38,7.08,6.83
2008-01,-0.535805289476508,-0.446552417440867,-0.6190813295887208,-0.446552417440867,-0.5103029244209567,-0.6939323617771537,0.5851978466784347,0.6398302210434655,0.5384388583024701,0.6398302210434655,0.6003137015856848,0.49960756347845037,7.43,7.44,7.42,7.47,7.33,7.2,6.91
2008-02,-0.3944459021585392,-0.3643656359949259,-0.45453288456154944,-0.3643656359949259,-0.36995020451963584,-0.5141474293330119,0.6740534273416655,0.6946371639537858,0.6347443976169977,0.6946371639537858,0.6907687269415359,0.5980102233150861,8,8.15,8.3,8.75,8.66,8.18,7.7
2008-03,-0.3009563798180712,-0.2918196247033776,-0.35351365227107673,-0.2918196247033776,-0.2512564853174364,-0.4251156736453024,0.740110055777887,0.7469032467184217,0.7022164056739006,0.7469032467184217,0.7778228458328188,0.6536941655692922,8.72,8.65,9.17,9.96,9.6,8.56,8.17
2008-04,-0.3596779239746631,-0.3173987779182834,-0.4246663715118658,-0.3173987779182834,-0.3130056077883296,-0.5020589591324699,0.6979010670790062,0.7280403708066262,0.6539879377437878,0.7280403708066262,0.7312458118856542,0.6052831226263585,8.38,8.55,8.95,9.08,8.82,8.1,7.85
2008-05,-0.3526681813359574,-0.29297990393682505,-0.42440782185397513,-0.29297990393682505,-0.3157204123522121,-0.49985891148866896,0.7028103602853614,0.746037132955933,0.6541570479621086,0.746037132955933,0.7292633146820657,0.6066162402575628,8.65,8.7,8.88,9.1,8.87,8.1,7.85
2008-06,-0.3079281976524347,-0.2713982126974518,-0.37065219703251706,-0.2713982126974518,-0.2735375422783977,-0.43849939136309685,0.7349680885486651,0.7623128732902127,0.6902839826304356,0.7623128732902127,0.760683778017628,0.6450035931910162,8.85,8.88,9.18,9.55,9.25,8.5,8.24
2008-07,-0.39548151994159264,-0.3179663698121202,-0.47430474272710565,-0.3179663698121202,-0.3573115235454561,-0.5551770801370356,0.6733557269633991,0.7276272582445319,0.6223175769125023,0.7276272582445319,0.6995545360769609,0.5739706134019233,8.47,8.45,8.58,8.69,8.41,7.81,7.57
2008-08,-0.3850386407971723,-0.3086083513805086,-0.4634106573661231,-0.3086083513805086,-0.35118131484307535,-0.5411534809235522,0.680424343557556,0.7344683672261483,0.6291342208503967,0.7344683672261483,0.703856122722822,0.5820764509112157,8.48,8.6,8.57,8.8,8.52,7.93,7.6
2008-09,-0.32029653937787217,-0.2658063642382189,-0.3901233489341666,-0.2658063642382189,-0.27161576666501136,-0.47251619163522723,0.7259337372140156,0.7665875518950032,0.6769733654048099,0.7665875518950032,0.7621470471388293,0.6234316196583918,8.85,8.98,9.1,9.66,9.27,8.17,7.95
2008-10,-0.07581008359683027,0,-0.15488130437142403,0,0,-0.2640730945721768,0.9269922408751043,1,0.8565168362545335,1,1,0.7679174070109027,11.62,11.66,11.8,12.66,12.02,9.79,8.39
2008-11,-0.17491458128039258,-0.0792902599487962,-0.26182553653770974,-0.0792902599487962,-0.1223016064132619,-0.3595545010482564,0.8395287291756635,0.9237717515857348,0.7696452869767192,0.9237717515857348,0.8848814423333441,0.697987209386906,10.75,10.75,10.66,11.05,10.94,8.86,8.13
2008-12,-0.3225161256127786,-0.2568867845817173,-0.39674941284241627,-0.2568867845817173,-0.28473483940777494,-0.4749731661494671,0.7243242515403338,0.773455775927857,0.6725025250160964,0.773455775927857,0.7522136853038701,0.6219017442595718,9.03,8.96,8.95,9.57,9.43,8.28,7.7
2009-01,-0.20312133545492383,-0.22045712395211953,-0.24573256925094353,-0.22045712395211953,-0.20834977467598081,-0.27647915125682254,0.8161792039423427,0.8021520312332188,0.7821313629355139,0.8021520312332188,0.8119229969366998,0.7584494316842483,9.38,9.28,9.42,10.52,10.49,9.66,9.33
2009-02,-0.055537481752993806,-0.09804382666015296,-0.08985014135567153,-0.09804382666015296,-0.013997407558016699,-0.14473404693387876,0.9459765661459435,0.9066091692312601,0.9140681560225317,0.9066091692312601,0.9861001006668489,0.8652523790365299,10.35,10.75,11.32,12.79,11.97,10.85,10.05
2009-03,0,-0.14790704246512493,0,-0.14790704246512493,-0.01685863048714736,0,1,0.8625112881387836,1,0.8625112881387836,0.9832826810033636,1,9.92,10.15,11.05,12.98,12.98,12.25,11.65
2009-04,-0.1661313219485848,-0.2146044253243064,-0.19775653989641243,-0.2146044253243064,-0.1855002656040471,-0.2132788728478917,0.8469350057309133,0.8068605506578097,0.8205696047820474,0.8068605506578097,0.8306886149466353,0.8079307958352184,9.42,9.35,10.02,10.39,10.45,10.26,10.13
2009-05,-0.20342565921991268,-0.22904620659833105,-0.24281803380957456,-0.22904620659833105,-0.23656668142030218,-0.2549100183404037,0.8159308590046432,0.795291784928025,0.7844142376562436,0.795291784928025,0.7893332466850989,0.7749862293708429,9.25,9.25,9.38,10.03,10.05,9.97,9.8
2009-06,-0.22223809287439358,-0.22904620659833105,-0.2683033631299597,-0.22904620659833105,-0.25709230976673514,-0.2830966772477318,0.8007246947928491,0.795291784928025,0.7646757714776204,0.795291784928025,0.7732968276209059,0.7534469431617847,9.25,9.25,9.28,9.75,9.76,9.74,9.64
2009-07,-0.3782832773544897,-0.3472409829331546,-0.43832107003376486,-0.3472409829331546,-0.39993762987591364,-0.46892278531007875,0.6850364178733539,0.7066350207580012,0.6451186213448598,0.7066350207580012,0.6703618552838986,0.625675892661228,8.18,8.25,8.05,8.51,8.53,8.53,8.21
2009-08,-0.4315233996408308,-0.4181758242608647,-0.4847862565895135,-0.4181758242608647,-0.4530322748699777,-0.5111985189192672,0.6495188638522408,0.6582464825483979,0.6158288120483972,0.6582464825483979,0.6356976162374088,0.5997763046180881,7.65,7.65,7.67,8.06,8.15,8.14,8.14
2009-09,-0.5420320236435124,-0.5353950253303148,-0.5925007944073896,-0.5353950253303148,-0.5785027204304591,-0.608263002064508,0.5815652964511996,0.5854379816293683,0.5529427580907892,0.5854379816293683,0.5607373188670167,0.544295488575886,6.78,6.82,6.75,7.18,7.41,7.63,7.65
2009-10,-0.5856487736037943,-0.6034944515672598,-0.6273139748504286,-0.6034944515672598,-0.5988759082212878,-0.6515842123349488,0.5567445434540912,0.5468971873345226,0.5340242789535075,0.5468971873345226,0.5494288976065204,0.521219400152903,6.35,6.35,6.45,7.2,7.23,7.38,7.39
2009-11,-0.6058416801668121,-0.6459035653823858,-0.6394939232796549,-0.6459035653823858,-0.641976913364476,-0.6459447244734761,0.5456149999974724,0.5241886893068429,0.527559341998456,0.5241886893068429,0.5262510423028702,0.5241671146208315,6.02,6.15,6.1,6.99,7.14,7.46,7.46
2009-12,-0.5570209679688032,-0.6475206355578867,-0.5737505035087369,-0.6475206355578867,-0.6121274953901252,-0.560910094726755,0.5729132511003993,0.5233417243964399,0.5634084060082463,0.5233417243964399,0.5421961214010543,0.5706894459785387,6.07,6.08,6.05,7.41,7.59,7.99,7.9
2010-01,-0.6063924055940682,-0.689304167954617,-0.625474958389957,-0.689304167954617,-0.6667233181807204,-0.6110305770330896,0.5453145986703987,0.5019252032233893,0.5350072619767386,0.5019252032233893,0.5133880339993211,0.5427911925923221,5.8,5.85,5.73,7.04,7.33,7.66,7.64
2010-02,-0.6440345399122713,-0.7266887609275662,-0.6630972721031598,-0.7266887609275662,-0.7076940321664351,-0.6466690710452039,0.5251693274516698,0.4835073507843282,0.5152529818162357,0.4835073507843282,0.49277922132717555,0.5237875734446131,5.57,5.65,5.57,6.71,7.02,7.51,7.49
2010-03,-0.7628000402530744,-0.8165108197811524,-0.7912859051898629,-0.8165108197811524,-0.8182562947438496,-0.7837622235154121,0.46635877378446206,0.4419710840343858,0.45326156897194597,0.4419710840343858,0.44120030745427147,0.45668462557923417,5.12,5.13,5.1,5.95,6.22,6.86,6.86
2010-04,-0.8163359337234114,-0.8682045901331958,-0.8452789705435829,-0.8682045901331958,-0.8871999322140864,-0.8296014421866479,0.44204838537417435,0.4197044146416112,0.4294375410745219,0.4197044146416112,0.4118072280488359,0.43622311180905776,4.88,4.85,4.85,5.5,6.04,6.62,6.66
2010-05,-0.7225440142662037,-0.8460003244923138,-0.7284182399382804,-0.8460003244923138,-0.7997464532403008,-0.6981001014221977,0.485515525074222,0.4291278763109124,0.48267185766178367,0.4291278763109124,0.449442904464105,0.49752966231248175,5,4.95,5.05,6.19,6.73,7.23,7.25
2010-06,-0.6269657255393418,-0.7738283601829958,-0.62605992573424,-0.7738283601829958,-0.6790423312134701,-0.6056741752822533,0.5342102849271029,0.46124387622938284,0.5346943917178919,0.46124387622938284,0.507102396036778,0.5457064008298897,5.35,5.35,5.48,7.13,7.43,7.69,7.62
2010-07,-0.6556968567595751,-0.7400456543006256,-0.6745370595862183,-0.7400456543006256,-0.6755813771281641,-0.6821414511600574,0.5190802119681948,0.47709213371612286,0.5093921842596355,0.47709213371612286,0.5088604947405506,0.505533257616252,5.55,5.52,5.65,7.01,7.16,7.24,7.15
2010-08,-0.6158973644779058,-0.7373713061586098,-0.6228637299454264,-0.7373713061586098,-0.6504514380392155,-0.6160208999374321,0.5401559609885213,0.4783697518138148,0.536406113723137,0.4783697518138148,0.5218101586266701,0.5400892366951576,5.52,5.58,5.6,7.36,7.45,7.62,7.52
2010-09,-0.7186501873812315,-0.7600224977945367,-0.751924613448962,-0.7600224977945367,-0.7180279461598438,-0.7791418520846226,0.4874097239267342,0.46765590566507664,0.47145830401498257,0.46765590566507664,0.4877131047268978,0.4587995603056974,5.35,5.5,5.73,6.44,6.53,6.79,6.76
2010-10,-0.6895463851647584,-0.7646033106680026,-0.7114412690849198,-0.7646033106680026,-0.700813180698052,-0.7252453699889724,0.5018036430235454,0.46551856059842733,0.4909361162687226,0.46551856059842733,0.4961816543496407,0.4842057448197534,5.35,5.45,5.77,6.6,6.81,7.03,7.02
2010-11,-0.5035271046215377,-0.6944623641383256,-0.4900552143487472,-0.6944623641383256,-0.5457942264283484,-0.46850241946648385,0.6043951309502544,0.4993428404482598,0.6125925693508525,0.4993428404482598,0.579381440503679,0.6259389607242039,5.69,5.9,6.26,8.08,8.34,8.44,8.43
2010-12,-0.5435792028299111,-0.6674151053665919,-0.5500504483113978,-0.6674151053665919,-0.5677226514049073,-0.5485343421972597,0.5806662064350291,0.5130330015536279,0.5769207049709573,0.5130330015536279,0.5668148048737163,0.5777960413628954,5.76,6.15,6.33,7.72,7.85,7.95,7.94
2011-01,-0.6358918251860001,-0.7021613270755159,-0.6606590738139856,-0.7021613270755159,-0.6650982972776126,-0.6660679522513571,0.5294630891821653,0.4955131795519496,0.516510803541255,0.4955131795519496,0.5142229785033754,0.5137246013006718,5.8,5.7,5.93,6.87,7.11,7.32,7.33
2011-02,-0.6423026012338473,-0.679110954784842,-0.677011304375924,-0.679110954784842,-0.6807696572368402,-0.6827072738183161,0.5260796766295235,0.5070675980533054,0.5081333812374113,0.5070675980533054,0.5062272209455471,0.5052472963538995,5.88,5.89,5.87,6.74,6.98,7.25,7.26
2011-03,-0.6515382423086402,-0.6833444588351072,-0.6879841389483807,-0.6833444588351072,-0.6908755331238027,-0.6941361667069825,0.5212433611731807,0.5049254628915075,0.5025881965395385,0.5049254628915075,0.5011371147910256,0.499505751369291,5.85,5.87,5.85,6.64,6.94,7.19,7.19
2011-04,-0.6731864977580639,-0.6850390766902072,-0.7167352532571664,-0.6850390766902072,-0.7039026894908187,-0.7316703354445424,0.5100806146785369,0.5040705317819527,0.4883439756692642,0.5040705317819527,0.49465106237187106,0.4811047123168431,5.85,5.85,5.88,6.46,6.76,7,7
2011-05,-0.6463690062467207,-0.674898444727102,-0.68399217133286,-0.674898444727102,-0.6862108718250279,-0.6904872778309752,0.5239447672402696,0.5092081307524662,0.5045985222519583,0.5092081307524662,0.50348021032066,0.501331721704413,5.9,5.92,5.95,6.6,6.98,7.19,7.21
2011-06,-0.6410694051131474,-0.6867365940600979,-0.6726787662173515,-0.6867365940600979,-0.690741201953942,-0.6705066987655584,0.5267288362342065,0.5032155891438898,0.5103396644532208,0.5032155891438898,0.5012044376475939,0.5114493613597202,5.85,5.83,5.82,6.67,7.08,7.31,7.3
2011-07,-0.626933724527006,-0.6978572060987204,-0.6499631371599061,-0.6978572060987204,-0.6917297762911668,-0.6350233169718388,0.5342273804705566,0.49765052461859893,0.5220650212057067,0.49765052461859893,0.5007092046304898,0.5299231319707679,5.8,5.75,5.85,6.63,7.22,7.5,7.52
2011-08,-0.6547496033550684,-0.7056406303471505,-0.6844013170455983,-0.7056406303471505,-0.7320256964457982,-0.6662596187095322,0.5195721454222294,0.4937921346799061,0.5043921101591158,0.4937921346799061,0.4809337768382656,0.5136261469613617,5.73,5.73,5.7,6.31,7.04,7.35,7.35
2011-09,-0.5521310750187354,-0.655743743292639,-0.564537308691857,-0.655743743292639,-0.6300642593067067,-0.5373200092946373,0.5757215962255982,0.5190558746672238,0.568623182904917,0.5190558746672238,0.5325575781265879,0.5843121068956972,6,6.05,6.15,7.09,7.57,8.14,8.14
2011-10,-0.5682892344881877,-0.6353339646195284,-0.59279074656595,-0.6353339646195284,-0.6157433442243714,-0.5879172386093339,0.5664937481551634,0.5297585381630281,0.5527824543858462,0.5297585381630281,0.540239162353764,0.555483019342867,6.1,6.2,6.35,7.08,7.4,7.79,7.81
2011-11,-0.3783094073567534,-0.48138722624430064,-0.39156537552228793,-0.48138722624430064,-0.402498852175023,-0.3938836725170979,0.6850185181040657,0.6179255943626148,0.6759978553372163,0.6179255943626148,0.6686471064155685,0.674432506713276,6.78,7.58,7.67,8.83,8.87,8.92,8.91
2011-12,-0.3012337262664239,-0.42798911594919714,-0.30689136410826334,-0.42798911594919714,-0.37129200377656535,-0.28085149875471355,0.7399048173449178,0.6518185091858922,0.7357305233074315,0.6518185091858922,0.6898424755377088,0.7551404664538419,7.55,7.6,7.95,9.06,9.64,9.75,9.76
2012-01,-0.3721030433474684,-0.4398812570117402,-0.39680407718400995,-0.4398812570117402,-0.40631005379715324,-0.39979292183354387,0.6892832128151135,0.6441129004329323,0.6724657641131108,0.6441129004329323,0.6661036074514013,0.6704588690548232,7.48,7.49,7.85,8.6,8.83,8.89,8.86
2012-02,-0.4181776380885398,-0.4799272419852794,-0.44483971660780286,-0.4799272419852794,-0.44847431544852234,-0.45098764045485257,0.6582452886037936,0.6188284148951462,0.6409269977531565,0.6188284148951462,0.638601713527622,0.636998715143708,7.08,7.3,7.52,8.27,8.42,8.57,8.55
2012-03,-0.3687498456360105,-0.45462199506843903,-0.3874031881109241,-0.45462199506843903,-0.41384759321879655,-0.3812359438461496,0.691598395169645,0.6346878377420577,0.6788173486602563,0.6346878377420577,0.6611016999704652,0.6830167170156082,7.35,7.4,7.6,8.72,8.93,9.06,8.97
2012-04,-0.47206829976485465,-0.4785157445083043,-0.5180260716540406,-0.4785157445083043,-0.4901008207978981,-0.5421946533956563,0.6237109121543202,0.6197025063852948,0.5956952479374453,0.6197025063852948,0.6125646318160589,0.5814707243215117,7.2,7.2,7.3,7.87,7.95,7.98,7.94
2012-05,-0.4026924576761854,-0.47992210023677423,-0.42424870913416207,-0.47992210023677423,-0.4319647435180522,-0.42827145399640426,0.6685176651881013,0.6188315967634036,0.6542611409502344,0.6188315967634036,0.6492322659273115,0.6516345019982126,7.1,7.28,7.55,8.49,8.65,8.71,8.65
2012-06,-0.490580311003242,-0.4973473726449787,-0.536375371455542,-0.4973473726449787,-0.5140635403163099,-0.5570729061531209,0.6122709834813392,0.6081416953261537,0.5848643310065434,0.6081416953261537,0.5980603919089654,0.5728834957990904,7.08,7.05,7.28,7.55,7.8,7.9,7.89
2012-07,-0.5552736459973897,-0.5310100051583883,-0.6125344745932618,-0.5310100051583883,-0.5620079524753663,-0.6498899027608478,0.5739151901118641,0.5880107757427091,0.5419755037520654,0.5880107757427091,0.5700632539460033,0.522103255723828,6.83,6.83,6.98,7.18,7.29,7.37,7.38
2012-08,-0.5905104696658422,-0.5523509322653328,-0.6528269218319164,-0.5523509322653328,-0.6181166924239133,-0.6803114621806414,0.554044389681516,0.5755950335740132,0.5205720781542333,0.5755950335740132,0.5389585070321082,0.5064592249029718,6.71,6.66,6.73,6.69,6.94,7.25,7.32
2012-09,-0.6178696455457227,-0.6019469975671201,-0.671665454533683,-0.6019469975671201,-0.64522886906614485,-0.6941519375294989,0.5390916714970002,0.5477441407164174,0.5108570596949006,0.5477441407164174,0.5245424768206788,0.49949787381485816,6.3,6.42,6.48,6.59,6.72,7.24,7.3
2012-10,-0.6864180058219107,-0.6582020481468277,-0.7446637072338961,-0.6582020481468277,-0.7176075818846119,-0.7673521723004134,0.5033759332523807,0.5177814442020434,0.47489397649833454,0.5177814442020434,0.4879181649896721,0.4642406716626258,6.05,5.97,6.02,6.17,6.35,6.88,6.95
2012-11,-0.7072417681418123,-0.6833349607270114,-0.7637817540015848,-0.6833349607270114,-0.7481203229663304,-0.779796875567515,0.49300213804587,0.5049302587509101,0.4659011676203827,0.5049302587509101,0.47325528430415875,0.4584991342235674,5.88,5.84,5.88,5.96,6.31,6.82,6.88
2012-12,-0.8233663867760167,-0.7822112743152133,-0.8865869262461792,-0.7822112743152133,-0.8236763808818244,-0.9309103823715809,0.43895148401955014,0.45739346978260415,0.41205974572677145,0.45739346978260415,0.43881543273540613,0.3941946790817126,5.33,5.28,5.4,5.61,5.89,6.11,6.11
2013-01,-0.8086132043365151,-0.7775319172962887,-0.8677050701632741,-0.7775319172962887,-0.8426944977382724,-0.8890653188725383,0.4454754214338685,0.4595387925769135,0.41991411774927356,0.4595387925769135,0.4305488461713289,0.4110397643705759,5.38,5.28,5.27,5.54,5.89,6.34,6.35
2013-02,-0.8570489731060676,-0.8550322254233487,-0.905055156007557,-0.8550322254233487,-0.9021862495675093,-0.9134881190393844,0.42441268938312066,0.4252694863722197,0.40451957280308126,0.4252694863722197,0.4056817679280282,0.4011226175302448,4.93,4.93,4.91,5.3,5.66,6.25,6.33
2013-03,-0.8816852668017455,-0.9088038030617778,-0.9189556941760216,-0.9088038030617778,-0.955555066406309,-0.9056990857085969,0.4140844804973397,0.40300601037621075,0.39893543422313255,0.40300601037621075,0.38459860752789454,0.40425917448360515,4.71,4.63,4.58,5.12,5.61,6.27,6.43
2013-04,-1.05227583170904,-1.027104941701449,-1.1085521016431454,-1.027104941701449,-1.066495162585956,-1.1393768160427467,0.3491422552339822,0.35804201408018205,0.33003647456549356,0.35804201408018205,0.3442128157059507,0.3200183900150036,4.21,4.08,4.08,4.65,4.93,5.32,5.53
2013-05,-1.014580941500212,-1.0367381065691377,-1.0532725475672822,-1.0367381065691377,-1.0796036446093333,-1.0451575068026764,0.36255432947625094,0.3546094958800109,0.34879443298018126,0.3546094958800109,0.3397301528405197,0.3516364298862946,4.13,4.08,3.98,4.64,5.1,5.64,5.96
2013-06,-0.9222214209229446,-1.0164303448682097,-0.9368728187725838,-1.0164303448682097,-0.9780034115930195,-0.9210469805055886,0.3976347451088938,0.3618844399171737,0.3918513114107743,0.3618844399171737,0.3760611892020487,0.3981020177631307,4.18,4.2,4.38,5.11,5.44,6.12,6.52
2013-07,-0.9190918046793158,-1.0736561668529017,-0.9146769845877729,-1.0736561668529017,-1.0323414806746813,-0.860556441777147,0.3988811386155836,0.3417567108483677,0.4006460200308927,0.3417567108483677,0.3561720135578622,0.42292668275579187,3.95,3.96,4.09,4.92,5.45,6.41,6.91
2013-08,-0.898135002779458,-1.1054977649578268,-0.8786315090528182,-1.1054977649578268,-1.0159754973493755,-0.8158499875281576,0.40732861853400704,0.3310460580963952,0.4153509269144687,0.3310460580963952,0.3620490795969111,0.4422632493070921,3.8,3.86,3.95,5.19,5.79,6.58,7.03
2013-09,-1.0308124001955399,-1.170988820111915,-1.030444382929591,-1.170988820111915,-1.1379639399024968,-0.9809414540922983,0.3567170458239149,0.31006019587488765,0.35684834801509113,0.31006019587488765,0.3204708559265739,0.3749579269551502,3.55,3.62,3.6,4.55,5.08,5.83,6.42
2013-10,-1.128178513309761,-1.263502324384139,-1.129009532642987,-1.263502324384139,-1.2236214297712191,-1.0852763248363773,0.3236221934069382,0.28266231574619444,0.3233533688222403,0.28266231574619444,0.2941629452087619,0.3378084281381415,3.3,3.23,3.31,4.21,4.65,5.45,6.08
2013-11,-1.080532983489083,-1.3723021979927854,-1.0380751689406031,-1.3723021979927854,-1.2443584329172448,-0.9446011498130286,0.3394145750629238,0.253522627902227,0.354135677699324,0.253522627902227,0.28812570081131755,0.3888346267412489,2.85,3,3.14,4.23,5.07,6.07,6.58
2013-12,-1.1554009290476375,-1.3961844411930255,-1.1259121179629463,-1.3961844411930255,-1.2922329285202385,-1.0489976495972988,0.3149312465036282,0.24753966648394748,0.3243564810189066,0.24753966648394748,0.2746568088428109,0.35028868520598294,2.86,2.85,3.04,4.01,4.66,5.61,6.26
2014-01,-1.0097278836300605,-1.2787809284933511,-0.9734146886965388,-1.2787809284933511,-1.118691637741789,-0.9068835481449458,0.36431810300405004,0.2783764544884702,0.37779079509757,0.2783764544884702,0.3267069661785752,0.4037806281429103,3.23,3.2,3.3,4.98,5.31,6.2,6.69
2014-02,-1.0697310596878924,-1.3979063526390605,-1.0188283682273667,-1.3979063526390605,-1.1429067544998104,-0.9619479030540079,0.34310077864226185,0.24711379186329882,0.36101767225684844,0.24711379186329882,0.3188907362382624,0.38214777369200903,2.87,2.83,3.16,4.93,5.08,6.01,6.45
2014-03,-1.1560623438024424,-1.4349964628929481,-1.1171648424879168,-1.4349964628929481,-1.217066610936406,-1.071536313740981,0.31472301520166057,0.23811620625570978,0.3272061618117323,0.23811620625570978,0.2960974633038628,0.34248195330753156,2.74,2.75,3.02,4.53,4.84,5.54,5.99
2014-04,-1.2638460574838082,-1.5675350636204977,-1.2182018523898182,-1.5675350636204977,-1.3493615164994817,-1.1572896020447707,0.2825651720489519,0.20855863304726185,0.29576151191832006,0.20855863304726185,0.25940583412732715,0.3143370057023232,2.35,2.45,2.59,4.08,4.38,5.35,5.74
2014-05,-1.4324640210747235,-1.581970830139073,-1.4278615846080713,-1.581970830139073,-1.5193024553216425,-1.3844453593833488,0.23871998588974283,0.20556955603207747,0.23982121167509168,0.20556955603207747,0.21886450148659184,0.25046267804857586,2.37,2.36,2.35,3.36,3.66,4.71,5.13
2014-06,-1.5363755552392953,-1.6420743025846203,-1.5448646588536863,-1.6420743025846203,-1.6015230384048713,-1.5180650177809745,0.21515952370896824,0.19357808602139331,0.21334074304981787,0.19357808602139331,0.2015892558893281,0.21913550027450712,2.23,2.22,2.23,3.07,3.33,4.39,4.82
2014-07,-1.528556743519462,-1.906456007310743,-1.4644705645002465,-1.906456007310743,-1.6126589843727368,-1.3948475281073367,0.21684840945039804,0.14860611343876814,0.23120036476075181,0.14860611343876814,0.19935682202962585,0.2478708268202659,1.68,1.72,1.89,3.34,3.68,4.73,5.03
2014-08,-1.622537761039742,-2.0159659026445644,-1.5548285476235546,-2.0159659026445644,-1.6708091095492956,-1.499775144896287,0.19739711619321584,0.13319169100757455,0.21122559466673524,0.13319169100757455,0.18809481474244466,0.22318033774486443,1.52,1.52,1.76,3.2,3.52,4.45,4.74
2014-09,-1.624281737445207,-2.099838019171903,-1.5392087587184384,-2.099838019171903,-1.7198969809558824,-1.455417067616308,0.19705316029273268,0.12247626545321585,0.21455079573012928,0.12247626545321585,0.1790845960851252,0.23330304046437128,1.34,1.45,1.58,3.16,3.63,4.63,4.77
2014-10,-1.7493457922352806,-1.8949837913908945,-1.7449828715755324,-1.8949837913908945,-1.7754855847084974,-1.732086781812595,0.1738876649082307,0.15032077151728032,0.1746479803859321,0.15032077151728032,0.16940117090627985,0.1769148418256489,1.71,1.73,1.7,2.82,3.29,3.9,4.17
2014-11,-1.8869637495864586,-1.9416286705619161,-1.91112206134511,-1.9416286705619161,-1.8540056202677162,-1.9470232540695898,0.15153119773537357,0.14347009387387527,0.14791432450104622,0.14347009387387527,0.1566085936854864,0.14269821632247387,1.64,1.64,1.68,2.54,2.97,3.52,3.83
2014-12,-1.8625071837826064,-2.0387983324890784,-1.8494396948392957,-2.0387983324890784,-1.776811055003984,-1.895876647829069,0.15528281934187949,0.1301850560744332,0.1573252917956433,0.1301850560744332,0.16917678342854278,0.15018661654811602,1.43,1.54,1.8,2.72,3.15,3.6,3.83
2015-01,-2.215573252617257,-1.9535506613564146,-2.372888124451955,-1.9535506613564146,-2.0091054698751036,-2.651707164775433,0.10909095964224726,0.1417698003165544,0.09321113180529926,0.1417698003165544,0.1341085851984858,0.0705307026929465,1.7,1.54,1.6,2.09,2.38,2.79,2.99
2015-02,-2.1768508938154896,-1.9719452129229647,-2.3052290546691023,-1.9719452129229647,-2.02569832686919,-2.502248110217358,0.11339807152159574,0.13918584660729608,0.09973595305131976,0.13918584660729608,0.13190170051716035,0.08190066977322,1.58,1.6,1.63,2.01,2.47,2.91,3.12
2015-03,-2.060738408280424,-1.9843991232177798,-2.1324335235743868,-1.9843991232177798,-1.9906341509369572,-2.221587203520449,0.12735989156646052,0.1374631877441075,0.11854845209046624,0.1374631877441075,0.13660876739344638,0.10843686079757674,1.5,1.64,1.63,2.12,2.6,3.28,3.4
2015-04,-1.9885773277207939,-2.035385770533628,-2.014539654341391,-2.035385770533628,-1.9979224876105806,-2.02561003940733,0.13689003663915034,0.13063007954716757,0.13338179096351585,0.13063007954716757,0.13561673622406598,0.13191334629759469,1.54,1.44,1.5,2.22,2.88,3.44,3.68
2015-05,-2.068682787714176,-2.1684951502957723,-2.0770016190638616,-2.1684951502957723,-2.0281064965298263,-2.107014481083496,0.1263521046842846,0.11434956641050167,0.12530536270619225,0.11434956641050167,0.1315844410044782,0.12160046553026656,1.31,1.29,1.39,2.23,2.8,3.4,3.5
2015-06,-1.9913773976609361,-2.4086570784130625,-1.9156490103610568,-2.4086570784130625,-2.205182176074226,-1.7861901526141313,0.1365072710976814,0.08993599049460667,0.1472462372347387,0.08993599049460667,0.11023044212599674,0.16759747568144617,1.01,1.02,0.99,2.11,2.98,3.88,4.16
2015-07,-2.072703146178047,-2.5462682897435474,-1.9851295830004412,-2.5462682897435474,-2.20662228647273,-1.881749415366693,0.125845143696085,0.07837358850133683,0.13736281307815545,0.07837358850133683,0.11007181236965566,0.15232339564247493,0.88,0.88,0.87,2.22,2.84,3.74,3.98
2015-08,-2.188105051710658,-2.7652685541306474,-2.0801072084991348,-2.7652685541306474,-2.3399538289241417,-1.960805176720985,0.11212902613260618,0.06295918912715959,0.12491681933596323,0.06295918912715959,0.0963320858838607,0.14074505064724221,0.72,0.68,0.7,2.06,2.66,3.64,3.89
2015-09,-2.4901793819503757,-3.32490320265746,-2.3397467353556474,-3.32490320265746,-2.7557621552872953,-2.163618347771588,0.08289509535751675,0.03597600096618121,0.09635203770516251,0.03597600096618121,0.06356055818804433,0.11490858867726807,0.39,0.38,0.43,1.55,2.33,3.28,3.76
2015-10,-2.299026734921404,-2.7652180168238503,-2.210886426866726,-2.7652180168238503,-2.429147342878065,-2.106085870061712,0.10035646965446827,0.06296237099541704,0.10960344999942255,0.06296237099541704,0.08811192982621664,0.12171343750820579,0.74,0.66,0.74,1.83,2.44,3.35,3.8
2015-11,-2.2389369646582913,-2.6437769227047934,-2.1644678229089704,-2.6437769227047934,-2.3020829209340063,-2.09431474205329,0.10657173370455784,0.0710922519063887,0.11481101813585687,0.0710922519063887,0.10005022981695369,0.12315460741860389,0.79,0.8,0.95,1.91,2.47,3.29,3.87
2015-12,-2.1928726749808143,-2.5967737496191057,-2.119128417241848,-2.5967737496191057,-2.227500043879194,-2.0634743160260003,0.11159570951491533,0.07451359033575304,0.12013629161395234,0.07451359033575304,0.1077975827876045,0.1270119228748184,0.8,0.87,0.93,2.11,2.55,3.33,3.88
2016-01,-2.207071379123222,-2.482774812448748,-2.1630215662796872,-2.482774812448748,-2.289555050232103,-2.0982926245158384,0.11002239102590586,0.08351117594334209,0.11497718446256278,0.08351117594334209,0.10131153036845002,0.12266568594635234,0.93,0.95,0.96,1.93,2.44,3.48,3.71
2016-02,-2.2785339786022782,-2.4574845453178473,-2.2602181857515804,-2.4574845453178473,-2.298932310149587,-2.237630634458881,0.10243426752053085,0.0856501292368824,0.10432771944944395,0.0856501292368824,0.10036594623862086,0.106711042550565,0.94,0.99,1,1.87,2.32,3.27,3.56
2016-03,-2.483805742350319,-2.427870414855602,-2.542168259087911,-2.427870414855602,-2.470347133826843,-2.578496536313589,0.08342512613822657,0.08822451428435195,0.07869558225785467,0.08822451428435195,0.08455550183149473,0.07588801316909789,1,0.99,0.99,1.51,2.05,2.94,3.23
2016-04,-2.3392364418991765,-2.5246460349697766,-2.317895733456104,-2.5246460349697766,-2.4623985856276307,-2.2429428871105896,0.09640121806666223,0.08008665564572028,0.0984805971500462,0.08008665564572028,0.08523027348819295,0.1061456695634537,0.9,0.9,0.88,1.63,2.25,3.32,3.55
2016-05,-2.2432370419293175,-2.519362354656013,-2.199077875651527,-2.519362354656013,-2.311805645023713,-2.1406213078704024,0.1061144508950505,0.08051092780373204,0.11090537977573131,0.08051092780373204,0.09908218269077775,0.11758176584588184,0.88,0.93,1,1.84,2.48,3.41,3.61
2016-06,-2.3802601462977035,-2.5408896217512447,-2.366562679162712,-2.5408896217512447,-2.358577374221515,-2.368579959207172,0.092526503951713,0.07879626972521986,0.09380260240521984,0.07879626972521986,0.09455464343200724,0.09361356702002982,0.85,0.92,0.92,1.81,2.26,3.12,3.39
2016-07,-2.805804869490978,-3.0736334959491654,-2.7575594302298914,-3.0736334959491654,-2.75538488485517,-2.7501968639393874,0.060458090711802824,0.04625278984133683,0.06344642498457162,0.04625278984133683,0.06358454223124876,0.06391527735480777,0.5,0.51,0.61,1.38,1.95,2.81,3.1
2016-08,-2.7784019406014924,-3.101857329262311,-2.7165172004503817,-3.101857329262311,-2.775781000501454,-2.6766880511383038,0.06213772785613567,0.044965608846110235,0.06610458298253007,0.044965608846110235,0.062300800727563006,0.0687906082649128,0.47,0.51,0.61,1.35,1.94,2.85,3.2
2016-09,-2.8096295265588114,-2.9600512131153143,-2.7924644039941446,-2.9600512131153143,-2.861406757963683,-2.7455774132191335,0.060227300875176935,0.05181626343249895,0.061270033591313014,0.05181626343249895,0.057188253620852045,0.06421121383455505,0.54,0.6,0.6,1.24,1.8,2.87,3.16
2016-10,-2.8539345883569243,-3.3988169516961277,-2.7436885936520716,-3.3988169516961277,-3.0175347788904276,-2.609043533125128,0.057617174440305924,0.033412775514629144,0.06433261184504734,0.033412775514629144,0.04892167256781411,0.07360491076481396,0.4,0.31,0.47,1.17,1.8,2.98,3.31
2016-11,-2.6265991673033233,-3.628750113849526,-2.4540743240902763,-3.628750113849526,-3.0890933139742236,-2.2162329616155394,0.07232400632038785,0.026549347341177854,0.08594271373112321,0.026549347341177854,0.04554322909959273,0.10901901508838405,0.25,0.3,0.45,1.11,2.04,3.38,3.72
2016-12,-2.975987684662818,-4.711332161819729,-2.742565550333228,-4.711332161819729,-3.8646902594801826,-2.4137371750103678,0.05099704012723864,0.008992789748186484,0.06440490073914576,0.008992789748186484,0.020969416509230968,0.08948026551885768,0.06,0.08,0.15,0.82,1.67,3.16,3.66
2017-01,-2.59058815668103,-4.664891864736434,-2.3498106585464504,-4.664891864736434,-3.0240409485945485,-2.104675624648278,0.07497592952077285,0.009420266831472072,0.09538722126095633,0.009420266831472072,0.048604413055131954,0.12188520441348287,0.06,0.09,0.23,1.39,2.11,3.47,3.93
2017-02,-2.57581411169063,-4.497668721898216,-2.3411079448130097,-4.497668721898216,-2.9388144540944356,-2.114376055693428,0.07609185031087005,0.011134924909984256,0.09622097162463389,0.011134924909984256,0.05292844065318249,0.12070858149390425,0.09,0.1,0.21,1.51,2.17,3.41,3.91
2017-03,-2.735824499404819,-4.7111527017888415,-2.4964593099595898,-4.7111527017888415,-3.4348612845145055,-2.1998007443396026,0.06484052408502422,0.008994403739331577,0.08237615129751016,0.008994403739331577,0.03222988070539717,0.1108252387185724,0.07,0.07,0.09,1.14,2.15,3.29,3.77
2017-04,-2.804119950405732,-4.620189840091384,-2.5701726062829566,-4.620189840091384,-3.6268581022721023,-2.2541823564822763,0.06056004356973881,0.009850925783015123,0.07652233604794527,0.009850925783015123,0.02659962656315671,0.10495932797518781,0.08,0.08,0.12,0.98,2.05,3.24,3.73
2017-05,-2.986112677305343,-4.620349013140913,-2.757841437065369,-4.620349013140913,-3.9687427045211354,-2.4183760892493593,0.05048330066414808,0.009849357905902748,0.06342853518168126,0.009849357905902748,0.018897177541042143,0.08906613554041684,0.07,0.09,0.12,0.8,1.82,3.04,3.65
2017-06,-3.0205951322666977,-4.711506525265388,-2.7884639142235974,-4.711506525265388,-4.165707335026761,-2.430328498154001,0.048772183822864065,0.008991221871074111,0.061515634668686765,0.008991221871074111,0.015518734072820757,0.08800791739493802,0.05,0.09,0.1,0.74,1.76,3.09,3.62
2017-07,-2.9475217510540057,-4.537112929264317,-2.722303133836273,-4.537112929264317,-3.9221815429769036,-2.384781480299298,0.052469577630242424,0.010704265958441204,0.06572321063033727,0.010704265958441204,0.019797857722335055,0.09210910503436093,0.07,0.11,0.1,0.84,1.83,3.1,3.67
2017-08,-3.140744195483552,-4.620676802160107,-2.9179318413528272,-4.620676802160107,-4.445195608806348,-2.543594741311194,0.04325059902186837,0.009846129923612565,0.05404534614642449,0.009846129923612565,0.011734810374174441,0.07858340443756827,0.05,0.11,0.07,0.68,1.64,2.95,3.58
2017-09,-3.988339081656531,-6.907755278982137,-3.677455003724995,-6.907755278982137,-6.907755278982137,-3.203227493886669,0.01853046616559874,0.001,0.025287248966247428,0.001,0.001,0.04063085629016685,-0.04,-0.03,-0.04,0.51,1.21,2.58,3.21
2017-10,-4.035105002910969,-7.064462696813892,-3.735093662109563,-7.064462696813892,-6.424144078053411,-3.282454710792588,0.0176838231627794,8.549541665711722e-4,0.023870935161894286,8.549541665711722e-4,0.0016219209216997263,0.037536003592889194,-0.04,-0.01,0,0.51,1.22,2.48,3.21
2017-11,-5.533658458015579,-5.964000268857621,-5.237036226762255,-5.964000268857621,-5.576993792201324,-4.893523836653224,0.003951506193205285,0.0025696122450833566,0.005315988896848579,0.0025696122450833566,0.003783923698646317,0.007494964854336171,-0.01,0,-0.01,0.57,1.09,2.13,2.82
2017-12,-6.907755278982137,-5.810113685162889,-6.907755278982137,-5.810113685162889,-6.018697091960778,-6.907755278982137,0.001,0.0029970893283689424,0.001,0.0029970893283689424,0.0024328372942348754,0.001,-0.01,0.01,0.02,0.51,1.09,2.02,2.72
2018-01,-4.937007832644538,-6.147438684772301,-4.6418564036338745,-6.147438684772301,-5.582942051852924,-4.259644597257717,0.007176038187767615,0.0021389532935403048,0.009639785673619393,0.0021389532935403048,0.0037614827464568755,0.014127322407175395,-0.03,0.01,0,0.56,1.24,2.31,2.73
2018-02,-3.804257852770429,-6.656519539708289,-3.520225766656978,-6.656519539708289,-4.1217628766712915,-3.269400705675116,0.02227572289907145,0.0012856131181142238,0.029592753356659188,0.0012856131181142238,0.01621590259339371,0.03802921093766742,-0.02,-0.02,-0.02,0.87,1.44,2.58,2.98
2018-03,-4.254583899090976,-5.963390293955321,-3.9838940006135557,-5.963390293955321,-4.155635834143484,-3.8456107189224435,0.014198997732404838,0.0025711801221957307,0.01861301893040567,0.0025711801221957307,0.015675820738146846,0.021373344468553317,0,-0.01,0.03,0.81,1.24,2.39,2.85
2018-04,-3.518608911022121,-5.35803904529638,-3.267076937623478,-5.35803904529638,-4.369471263636174,-2.9279883766898522,0.029640639268546033,0.004710133415736036,0.038117684759581306,0.004710133415736036,0.012657931507656796,0.05350456098328781,0.01,0.03,0.04,0.73,1.27,2.52,3.56
2018-05,-2.779075554156645,-4.2002573536698495,-2.5672366829048308,-4.2002573536698495,-3.2398998819977516,-2.3178604821796385,0.06209588513485971,0.01499171815029421,0.07674732988401495,0.01499171815029421,0.0391678163062131,0.09848406877799211,0.15,0.13,0.24,1.16,1.65,3.15,3.92
2018-06,-2.329996458719531,-3.7134653184163695,-2.1277753960636567,-3.7134653184163695,-2.475724294766725,-1.9746794524837354,0.09729609164167172,0.02439284765818877,0.11910195403699506,0.02439284765818877,0.08410205351466093,0.13880579896662182,0.13,0.37,0.62,1.85,2.28,3.59,4.15
2018-07,-2.497704288554946,-3.844487153233443,-2.2971737157890657,-3.844487153233443,-2.737151528609357,-2.1151049433116724,0.08227365856624365,0.02139737232096492,0.10054260451526044,0.02139737232096492,0.06475453588297234,0.1206206305605046,0.11,0.32,0.47,1.54,2.65,3.23,3.73
2018-08,-2.366737828660294,-3.786141192159109,-2.1621942603250948,-3.786141192159109,-2.63255603950731,-1.9724621565546883,0.09378617436526017,0.022682962382062785,0.11507234512997672,0.022682962382062785,0.07189446209765059,0.13911391396442907,0.13,0.33,0.53,1.65,2.84,3.46,3.88
2018-09,-2.3485914704633437,-4.29002832177377,-2.116530537256056,-4.29002832177377,-2.646450248406044,-1.9110338474611168,0.0955035871459344,0.013704537155067613,0.12044879703153066,0.013704537155067613,0.07090245297242756,0.1479273731736373,0.12,0.13,0.4,1.75,2.97,3.54,3.95
2018-10,-2.331609581685914,-5.810113685162889,-2.0684052266933177,-5.810113685162889,-2.8197976576951604,-1.8110984701935702,0.09713926760394057,0.0029970893283689424,0.12638717997098933,0.0029970893283689424,0.05961800473305694,0.16347446631077828,-0.01,0.01,0.28,1.6,3.06,3.66,4.19
2018-11,-2.640995967191907,-5.67632268289366,-2.37959456106173,-5.67632268289366,-3.1086008444478934,-2.12388091864966,0.0712902314548165,0.003426134288766903,0.09258810872601933,0.003426134288766903,0.04466340269115955,0.11956669828755247,0,0.01,0.27,1.26,2.61,3.14,3.81
2018-12,-2.679996744171169,-4.812404712497587,-2.4374604967109477,-4.812404712497587,-3.0493538025136635,-2.2067455203473725,0.06856337738453534,0.008128289976842916,0.08738247802252812,0.008128289976842916,0.04738953749902951,0.11005824862950171,0,0.12,0.39,1.21,2.46,3.01,3.78
